,Movie,Year Released,IMDb,n_IMDb,Metascore,Votes
0,Pinocchio,1940,7.5,75.0,99.0,160K
1,Fantasia,1940,7.7,77.0,96.0,104K
2,Rebecca,1940,8.1,81.0,86.0,147K
3,Foreign Correspondent,1940,7.4,74.0,89.0,24K
4, The Shop Around the Corner,1940,8.0,80.0,96.0,39K
5, The Grapes of Wrath,1940,8.1,81.0,96.0,100K
6, The Philadelphia Story,1940,7.9,79.0,96.0,74K
7, The Westerner,1940,7.3,73.0,78.0,6.9K
8,Suspicion,1941,7.3,73.0,83.0,43K
9,The Maltese Falcon,1941,8.0,80.0,97.0,167K
10, Dumbo,1941,7.2,72.0,96.0,142K
11, Citizen Kane,1941,8.3,83.0,100.0,467K
12, How Green Was My Valley,1941,7.7,77.0,88.0,27K
13, The Wolf Man,1941,7.2,72.0,72.0,31K
14, Ball of Fire,1941,7.7,77.0,78.0,14K
15, The Lady Eve,1941,7.7,77.0,96.0,23K
16, They Died with Their Boots On,1941,7.2,72.0,75.0,6.9K
17,Bambi,1942,7.3,73.0,91.0,155K
18,Yankee Doodle Dandy,1942,7.6,76.0,89.0,17K
19,Random Harvest,1942,7.9,79.0,62.0,8.5K
20,Holiday Inn,1942,7.3,73.0,70.0,18K
21,The Major and the Minor,1942,7.4,74.0,73.0,7.7K
22,Cat People,1942,7.2,72.0,85.0,26K
23, Road to Morocco,1942,7.0,70.0,75.0,5.9K
24, Casablanca,1942,8.5,85.0,100.0,608K
25,For Whom the Bell Tolls,1943,6.8,68.0,68.0,10K
26,Girl Crazy,1943,6.8,68.0,84.0,2.2K
27,Phantom of the Opera,1943,6.4,64.0,63.0,8.3K
28, Shadow of a Doubt,1943,7.8,78.0,94.0,71K
29,Going My Way,1944,7.0,70.0,90.0,14K
30,Meet Me in St. Louis,1944,7.5,75.0,94.0,28K
31,Double Indemnity,1944,8.3,83.0,95.0,168K
32, Gaslight,1944,7.8,78.0,78.0,34K
33, To Have and Have Not,1944,7.8,78.0,90.0,38K
34, The Three Caballeros,1944,6.3,63.0,85.0,16K
35, Lifeboat,1944,7.6,76.0,78.0,31K
36, National Velvet,1944,7.3,73.0,83.0,8.1K
37,Spellbound,1945,7.5,75.0,78.0,52K
38, Mildred Pierce,1945,7.9,79.0,88.0,29K
39, They Were Expendable,1945,7.2,72.0,86.0,9.3K
40, Brief Encounter,1945,8.0,80.0,92.0,44K
41, Children of Paradise,1945,8.3,83.0,96.0,21K
42, Anchors Aweigh,1945,7.0,70.0,60.0,9.5K
43,Song of the South,1946,6.9,69.0,54.0,15K
44,The Best Years of Our Lives,1946,8.1,81.0,93.0,71K
45,Notorious,1946,7.9,79.0,100.0,108K
46,The Postman Always Rings Twice,1946,7.4,74.0,84.0,23K
47,The Big Sleep,1946,7.9,79.0,86.0,91K
48,The Yearling,1946,7.2,72.0,89.0,6.5K
49, Beauty and the Beast,1946,7.9,79.0,92.0,28K
50, It's a Wonderful Life,1946,8.6,86.0,89.0,501K
51, Dead Reckoning,1946,7.1,71.0,51.0,8.8K
52, Great Expectations,1946,7.8,78.0,90.0,26K
53,Miracle on 34th Street,1947,7.9,79.0,88.0,55K
54, Jenny Lamour,1947,7.7,77.0,89.0,6.4K
55, Out of the Past,1947,8.0,80.0,85.0,41K
56, Black Narcissus,1947,7.7,77.0,86.0,28K
57, Dark Passage,1947,7.5,75.0,68.0,22K
58,The Snake Pit,1948,7.6,76.0,76.0,8.5K
59,Hamlet,1948,7.6,76.0,82.0,18K
60,The Treasure of the Sierra Madre,1948,8.2,82.0,98.0,133K
61,Abbott and Costello Meet Frankenstein,1948,7.3,73.0,69.0,20K
62, The Fallen Idol,1948,7.6,76.0,88.0,9.7K
63, Rope,1948,7.9,79.0,73.0,155K
64, Oliver Twist,1948,7.8,78.0,84.0,14K
65, Red River,1948,7.8,78.0,96.0,35K
66,Little Women,1949,7.2,72.0,61.0,8.3K
67, The Third Man,1949,8.1,81.0,97.0,182K
68, Adam's Rib,1949,7.4,74.0,87.0,23K
69, On the Town,1949,7.3,73.0,71.0,19K
70, Take Me Out to the Ball Game,1949,6.6,66.0,66.0,4.1K
71, She Wore a Yellow Ribbon,1949,7.2,72.0,87.0,19K
72, White Heat,1949,8.1,81.0,89.0,36K
73, Sands of Iwo Jima,1949,7.0,70.0,75.0,11K
74,Cinderella,1950,7.3,73.0,85.0,175K
75,Father of the Bride,1950,7.1,71.0,76.0,13K
76,Annie Get Your Gun,1950,6.9,69.0,77.0,5.3K
77, Rashomon,1950,8.2,82.0,98.0,181K
78, All About Eve,1950,8.2,82.0,98.0,139K
79, Sunset Boulevard,1950,8.4,84.0,94.0,237K
80, The Asphalt Jungle,1950,7.8,78.0,85.0,30K
81, Treasure Island,1950,6.9,69.0,89.0,9.5K
82,Quo Vadis,1951,7.1,71.0,65.0,17K
83,A Streetcar Named Desire,1951,7.9,79.0,97.0,115K
84,Strangers on a Train,1951,7.9,79.0,88.0,141K
85,An American in Paris,1951,7.1,71.0,83.0,37K
86,Ace in the Hole,1951,8.1,81.0,72.0,39K
87, Alice in Wonderland,1951,7.3,73.0,68.0,155K
88, The African Queen,1951,7.7,77.0,91.0,85K
89, The Day the Earth Stood Still,1951,7.7,77.0,83.0,86K
90, A Place in the Sun,1951,7.7,77.0,76.0,25K
91, The Lavender Hill Mob,1951,7.5,75.0,90.0,16K
92,The Greatest Show on Earth,1952,6.5,65.0,76.0,16K
93,The Snows of Kilimanjaro,1952,6.1,61.0,62.0,5.9K
94,The Quiet Man,1952,7.7,77.0,85.0,43K
95,Singin' in the Rain,1952,8.3,83.0,99.0,262K
96,High Noon,1952,8.0,80.0,89.0,111K
97,The Story of Robin Hood and His Merrie Men,1952,6.5,65.0,64.0,2.4K
98, Limelight,1952,8.0,80.0,84.0,22K
99, Umberto D.,1952,8.2,82.0,92.0,28K
100, Ikiru,1952,8.3,83.0,92.0,88K
101, Ivanhoe,1952,6.7,67.0,75.0,10K
102,Peter Pan,1953,7.3,73.0,76.0,154K
103,From Here to Eternity,1953,7.6,76.0,85.0,51K
104,House of Wax,1953,7.0,70.0,68.0,20K
105,Shane,1953,7.6,76.0,85.0,44K
106, The War of the Worlds,1953,7.0,70.0,78.0,39K
107, The Bullocks,1953,7.8,78.0,87.0,20K
108, Little Fugitive,1953,7.5,75.0,91.0,3K
109, Roman Holiday,1953,8.0,80.0,78.0,148K
110,Rear Window,1954,8.5,85.0,100.0,524K
111,White Christmas,1954,7.6,76.0,56.0,51K
112,"20,000 Leagues Under the Sea",1954,7.2,72.0,83.0,37K
113,The Caine Mutiny,1954,7.7,77.0,63.0,30K
114,A Star Is Born,1954,7.5,75.0,89.0,20K
115,On the Waterfront,1954,8.1,81.0,91.0,166K
116,Seven Brides for Seven Brothers,1954,7.3,73.0,75.0,27K
117, Godzilla,1954,7.5,75.0,79.0,40K
118,Lady and the Tramp,1955,7.3,73.0,78.0,149K
119,Mister Roberts,1955,7.6,76.0,72.0,18K
120,Guys and Dolls,1955,7.1,71.0,77.0,19K
121, To Catch a Thief,1955,7.4,74.0,82.0,80K
122, Land of the Pharaohs,1955,6.6,66.0,65.0,4.8K
123, The Night of the Hunter,1955,8.0,80.0,97.0,98K
124, Rififi,1955,8.1,81.0,97.0,37K
125, Marty,1955,7.7,77.0,82.0,27K
126, Rebel Without a Cause,1955,7.6,76.0,89.0,98K
127,Around the World in 80 Days,1956,6.7,67.0,69.0,30K
128,The King and I,1956,7.4,74.0,72.0,28K
129,High Society,1956,6.9,69.0,65.0,18K
130,Moby Dick,1956,7.3,73.0,78.0,22K
131,The Man Who Knew Too Much,1956,7.4,74.0,76.0,70K
132, Lust for Life,1956,7.3,73.0,68.0,13K
133, Forbidden Planet,1956,7.5,75.0,80.0,53K
134, Bob the Gambler,1956,7.6,76.0,80.0,13K
135,The Bridge on the River Kwai,1957,8.1,81.0,88.0,234K
136,Peyton Place,1957,7.2,72.0,63.0,6.6K
137,Old Yeller,1957,7.2,72.0,84.0,15K
138,The Curse of Frankenstein,1957,7.0,70.0,59.0,13K
139,Gunfight at the O.K. Corral,1957,7.1,71.0,56.0,18K
140, Witness for the Prosecution,1957,8.4,84.0,76.0,138K
141, 12 Angry Men,1957,9.0,90.0,97.0,870K
142, Jailhouse Rock,1957,6.5,65.0,68.0,9.9K
143, La grande strada azzurra,1957,6.9,69.0,76.0,723
144, The Seventh Seal,1957,8.1,81.0,88.0,199K
145,Cat on a Hot Tin Roof,1958,7.9,79.0,84.0,54K
146,Separate Tables,1958,7.4,74.0,68.0,8.6K
147,Vertigo,1958,8.3,83.0,100.0,429K
148,The Fly,1958,7.1,71.0,62.0,26K
149, Touch of Evil,1958,8.0,80.0,99.0,110K
150, Elevator to the Gallows,1958,7.9,79.0,94.0,29K
151, The Big Country,1958,7.9,79.0,61.0,21K
152, The Blob,1958,6.3,63.0,58.0,29K
153, Horror of Dracula,1958,7.2,72.0,67.0,28K
154, The Hidden Fortress,1958,8.1,81.0,89.0,42K
155, Gigi,1958,6.6,66.0,82.0,25K
156,Ben-Hur,1959,8.1,81.0,90.0,254K
157,Sleeping Beauty,1959,7.2,72.0,85.0,161K
158,Some Like It Hot,1959,8.2,82.0,98.0,284K
159,Pillow Talk,1959,7.4,74.0,73.0,19K
160,Imitation of Life,1959,7.8,78.0,87.0,18K
161,"Suddenly, Last Summer",1959,7.5,75.0,54.0,17K
162,North by Northwest,1959,8.3,83.0,98.0,347K
163,The Nun's Story,1959,7.5,75.0,78.0,12K
164, Rio Bravo,1959,8.0,80.0,93.0,68K
165, Anatomy of a Murder,1959,8.0,80.0,95.0,72K
166, On the Beach,1959,7.1,71.0,55.0,14K
167, The Diary of Anne Frank,1959,7.4,74.0,59.0,14K
168,Swiss Family Robinson,1960,7.1,71.0,61.0,18K
169,Psycho,1960,8.5,85.0,97.0,721K
170,Spartacus,1960,7.9,79.0,87.0,144K
171,La Dolce Vita,1960,8.0,80.0,95.0,78K
172,Exodus,1960,6.7,67.0,70.0,11K
173,The Apartment,1960,8.3,83.0,94.0,198K
174,BUtterfield 8,1960,6.3,63.0,48.0,7.3K
175,Ocean's Eleven,1960,6.5,65.0,57.0,25K
176, Midnight Lace,1960,6.7,67.0,60.0,6K
177, Bells Are Ringing,1960,6.9,69.0,61.0,3.8K
178, The Grass Is Greener,1960,6.5,65.0,51.0,5.9K
179, The Magnificent Seven,1960,7.7,77.0,74.0,103K
180,One Hundred and One Dalmatians,1961,7.3,73.0,83.0,183K
181,West Side Story,1961,7.6,76.0,86.0,122K
182,The Guns of Navarone,1961,7.5,75.0,72.0,56K
183,El Cid,1961,7.2,72.0,79.0,16K
184,The Absent Minded Professor,1961,6.7,67.0,75.0,9.3K
185,Lover Come Back,1961,7.1,71.0,58.0,8.8K
186, Blue Hawaii,1961,6.1,61.0,58.0,7.6K
187, Babes in Toyland,1961,6.1,61.0,55.0,4.8K
188, The Misfits,1961,7.2,72.0,77.0,24K
189, Splendor in the Grass,1961,7.7,77.0,74.0,23K
190, The Hustler,1961,8.0,80.0,90.0,87K
191, The Pit and the Pendulum,1961,7.0,70.0,78.0,17K
192, The Innocents,1961,7.8,78.0,88.0,33K
193, Paris Blues,1961,6.7,67.0,61.0,4K
194, A Woman Is a Woman,1961,7.3,73.0,71.0,19K
195,How the West Was Won,1962,7.1,71.0,56.0,23K
196,Lawrence of Arabia,1962,8.3,83.0,100.0,315K
197,The Longest Day,1962,7.7,77.0,75.0,59K
198,Dr. No,1962,7.2,72.0,78.0,180K
199,The Music Man,1962,7.7,77.0,76.0,19K
200, Mutiny on the Bounty,1962,7.2,72.0,48.0,18K
201, Lolita,1962,7.5,75.0,79.0,109K
202, The Miracle Worker,1962,8.1,81.0,83.0,21K
203, What Ever Happened to Baby Jane?,1962,8.0,80.0,75.0,62K
204, Hell Is for Heroes,1962,6.9,69.0,76.0,7.5K
205,Cleopatra,1963,7.0,70.0,60.0,38K
206,It's a Mad Mad Mad Mad World,1963,7.5,75.0,59.0,46K
207,Tom Jones,1963,6.4,64.0,77.0,14K
208,Irma la Douce,1963,7.3,73.0,63.0,22K
209,From Russia with Love,1963,7.3,73.0,83.0,146K
210,The Sword in the Stone,1963,7.1,71.0,61.0,107K
211,Charade,1963,7.8,78.0,83.0,86K
212,The Great Escape,1963,8.2,82.0,86.0,260K
213, The Thrill of It All,1963,6.9,69.0,58.0,5.9K
214, The Birds,1963,7.6,76.0,90.0,205K
215, The Pink Panther,1963,7.0,70.0,55.0,57K
216, The V.I.P.s,1963,6.3,63.0,51.0,4.2K
217, Hud,1963,7.8,78.0,62.0,24K
218, Jason and the Argonauts,1963,7.3,73.0,69.0,31K
219, King Kong vs. Godzilla,1963,5.7,57.0,40.0,11K
220, The Haunting,1963,7.4,74.0,74.0,43K
221,Mary Poppins,1964,7.8,78.0,88.0,187K
222,My Fair Lady,1964,7.7,77.0,95.0,102K
223,Goldfinger,1964,7.7,77.0,87.0,203K
224,A Fistful of Dollars,1964,7.9,79.0,65.0,234K
225,A Hard Day's Night,1964,7.5,75.0,96.0,48K
226, A Shot in the Dark,1964,7.3,73.0,70.0,31K
227, Seven Days in May,1964,7.8,78.0,73.0,17K
228, The Train,1964,7.8,78.0,80.0,19K
229, Roustabout,1964,6.0,60.0,50.0,3.3K
230, Marnie,1964,7.1,71.0,73.0,54K
231, Bedtime Story,1964,6.7,67.0,54.0,2.4K
232, Viva Las Vegas,1964,6.3,63.0,69.0,9.3K
233," Kiss Me, Stupid",1964,6.9,69.0,63.0,8.6K
234,The Sound of Music,1965,8.1,81.0,63.0,262K
235,Doctor Zhivago,1965,7.9,79.0,69.0,82K
236,Thunderball,1965,6.9,69.0,64.0,127K
237,That Darn Cat!,1965,6.7,67.0,71.0,7.9K
238,The Great Race,1965,7.2,72.0,71.0,20K
239,Cat Ballou,1965,6.7,67.0,60.0,16K
240, The Cincinnati Kid,1965,7.2,72.0,67.0,18K
241, For a Few Dollars More,1965,8.2,82.0,74.0,276K
242, The Sons of Katie Elder,1965,7.1,71.0,72.0,19K
243, Help!,1965,7.1,71.0,58.0,21K
244, Girl Happy,1965,6.3,63.0,65.0,3K
245,A Man for All Seasons,1966,7.7,77.0,72.0,37K
246,The Russians Are Coming the Russians Are Coming,1966,7.0,70.0,69.0,10K
247,Grand Prix,1966,7.2,72.0,72.0,11K
248,The Professionals,1966,7.3,73.0,75.0,19K
249,Alfie,1966,7.0,70.0,70.0,16K
250," The Good, the Bad and the Ugly",1966,8.8,88.0,90.0,814K
251, Masculine Feminine,1966,7.4,74.0,93.0,17K
252,The Jungle Book,1967,7.6,76.0,65.0,199K
253,The Graduate,1967,8.0,80.0,83.0,289K
254,Guess Who's Coming to Dinner,1967,7.8,78.0,63.0,49K
255,The Dirty Dozen,1967,7.7,77.0,73.0,79K
256,Valley of the Dolls,1967,6.0,60.0,49.0,9.8K
257,You Only Live Twice,1967,6.8,68.0,61.0,118K
258,"To Sir, with Love",1967,7.6,76.0,55.0,20K
259,Camelot,1967,6.5,65.0,70.0,7.5K
260, In the Heat of the Night,1967,7.9,79.0,76.0,84K
261, Barefoot in the Park,1967,7.0,70.0,55.0,21K
262, Wait Until Dark,1967,7.7,77.0,81.0,34K
263, Cool Hand Luke,1967,8.1,81.0,92.0,189K
264, Doctor Dolittle,1967,6.1,61.0,34.0,10K
265, Two for the Road,1967,7.4,74.0,78.0,15K
266,Funny Girl,1968,7.4,74.0,88.0,25K
267,2001: A Space Odyssey,1968,8.3,83.0,84.0,722K
268,The Odd Couple,1968,7.6,76.0,86.0,38K
269,Bullitt,1968,7.4,74.0,81.0,76K
270,Romeo and Juliet,1968,7.6,76.0,69.0,35K
271,Planet of the Apes,1968,8.0,80.0,79.0,197K
272, Oliver!,1968,7.4,74.0,74.0,42K
273, Charly,1968,6.9,69.0,50.0,7.3K
274, Finian's Rainbow,1968,6.1,61.0,59.0,4.2K
275, Blackbeard's Ghost,1968,6.8,68.0,71.0,6.8K
276, Chitty Chitty Bang Bang,1968,6.9,69.0,64.0,51K
277, Vixen!,1968,5.6,56.0,74.0,3.1K
278, Once Upon a Time in the West,1968,8.5,85.0,82.0,350K
279,Butch Cassidy and the Sundance Kid,1969,8.0,80.0,66.0,227K
280,Midnight Cowboy,1969,7.8,78.0,79.0,121K
281,Easy Rider,1969,7.2,72.0,85.0,117K
282,Bob & Carol & Ted & Alice,1969,6.7,67.0,72.0,7.3K
283,Paint Your Wagon,1969,6.6,66.0,50.0,15K
284,True Grit,1969,7.4,74.0,83.0,52K
285,Cactus Flower,1969,7.2,72.0,67.0,12K
286,On Her Majesty's Secret Service,1969,6.7,67.0,61.0,100K
287, The Reivers,1969,6.6,66.0,66.0,3.3K
288, Winning,1969,6.0,60.0,70.0,2.2K
289, The Sterile Cuckoo,1969,6.7,67.0,68.0,2.4K
290," They Shoot Horses, Don't They?",1969,7.8,78.0,72.0,21K
291, The Wild Bunch,1969,7.9,79.0,98.0,91K
292, Marooned,1969,5.9,59.0,62.0,5.9K
293," Hello, Dolly!",1969,7.0,70.0,51.0,17K
294,Love Story,1970,6.9,69.0,84.0,38K
295,Airport,1970,6.6,66.0,42.0,22K
296,M*A*S*H,1970,7.4,74.0,80.0,77K
297,Patton,1970,7.9,79.0,86.0,108K
298,Woodstock,1970,8.1,81.0,95.0,19K
299,The Aristocats,1970,7.1,71.0,66.0,115K
300,Little Big Man,1970,7.5,75.0,63.0,38K
301,Tora! Tora! Tora!,1970,7.5,75.0,46.0,37K
302, Catch-22,1970,7.1,71.0,70.0,27K
303, Five Easy Pieces,1970,7.4,74.0,85.0,41K
304, Beneath the Planet of the Apes,1970,6.0,60.0,46.0,53K
305, Two Mules for Sister Sara,1970,7.0,70.0,62.0,31K
306, Rio Lobo,1970,6.7,67.0,55.0,14K
307, The Boys in the Band,1970,7.6,76.0,65.0,5.9K
308,Billy Jack,1971,6.2,62.0,50.0,6.6K
309,Fiddler on the Roof,1971,8.0,80.0,67.0,48K
310,Diamonds Are Forever,1971,6.5,65.0,59.0,114K
311,Dirty Harry,1971,7.7,77.0,87.0,169K
312,The Last Picture Show,1971,8.0,80.0,93.0,53K
313,Carnal Knowledge,1971,6.9,69.0,77.0,15K
314,The Hospital,1971,7.1,71.0,72.0,7.4K
315,Willard,1971,6.2,62.0,49.0,5.5K
316,Bedknobs and Broomsticks,1971,7.0,70.0,59.0,41K
317, Klute,1971,7.1,71.0,81.0,30K
318, Shaft,1971,6.6,66.0,66.0,21K
319, Big Jake,1971,7.1,71.0,57.0,15K
320, The French Connection,1971,7.7,77.0,94.0,136K
321, Sweet Sweetback's Baadasssss Song,1971,5.5,55.0,71.0,5.9K
322, Escape from the Planet of the Apes,1971,6.3,63.0,69.0,40K
323, Play Misty for Me,1971,6.9,69.0,78.0,32K
324, Bananas,1971,6.9,69.0,67.0,38K
325, The Million Dollar Duck,1971,5.8,58.0,45.0,2.7K
326, The Anderson Tapes,1971,6.4,64.0,61.0,8.9K
327, The Omega Man,1971,6.4,64.0,56.0,34K
328, McCabe & Mrs. Miller,1971,7.6,76.0,93.0,28K
329, Summer of '42,1971,7.2,72.0,59.0,9.2K
330,The Godfather,1972,9.2,92.0,100.0,2M
331,The Poseidon Adventure,1972,7.1,71.0,70.0,49K
332,Jeremiah Johnson,1972,7.6,76.0,75.0,35K
333,Cabaret,1972,7.8,78.0,80.0,60K
334,The Getaway,1972,7.3,73.0,55.0,36K
335,Last Tango in Paris,1972,6.9,69.0,77.0,59K
336,Fritz the Cat,1972,6.2,62.0,54.0,14K
337, The Life and Times of Judge Roy Bean,1972,6.8,68.0,57.0,9.4K
338, The Cowboys,1972,7.4,74.0,52.0,16K
339, Frenzy,1972,7.4,74.0,92.0,50K
340, The Heartbreak Kid,1972,7.0,70.0,74.0,5.7K
341," What's Up, Doc?",1972,7.7,77.0,73.0,27K
342, Conquest of the Planet of the Apes,1972,6.1,61.0,49.0,37K
343, The Mechanic,1972,6.8,68.0,51.0,16K
344, Deliverance,1972,7.7,77.0,80.0,120K
345, The Way of the Dragon,1972,7.2,72.0,58.0,41K
346,The Exorcist,1973,8.1,81.0,83.0,457K
347,The Sting,1973,8.3,83.0,83.0,281K
348,American Graffiti,1973,7.4,74.0,97.0,99K
349,Papillon,1973,8.0,80.0,58.0,139K
350,Live and Let Die,1973,6.7,67.0,55.0,116K
351,Robin Hood,1973,7.5,75.0,57.0,139K
352,Paper Moon,1973,8.1,81.0,77.0,53K
353,Serpico,1973,7.7,77.0,83.0,135K
354,Enter the Dragon,1973,7.6,76.0,83.0,113K
355, Jesus Christ Superstar,1973,7.4,74.0,64.0,30K
356, The Three Musketeers,1973,7.1,71.0,77.0,20K
357, The Day of the Jackal,1973,7.8,78.0,80.0,45K
358, Westworld,1973,6.9,69.0,77.0,63K
359, High Plains Drifter,1973,7.4,74.0,69.0,65K
360, Scarecrow,1973,7.2,72.0,72.0,19K
361, Battle for the Planet of the Apes,1973,5.4,54.0,40.0,35K
362, Soylent Green,1973,7.0,70.0,66.0,71K
363, Charlotte's Web,1973,6.9,69.0,73.0,23K
364, Walking Tall,1973,6.9,69.0,60.0,6.8K
365, Magnum Force,1973,7.2,72.0,58.0,67K
366,Blazing Saddles,1974,7.7,77.0,73.0,153K
367,The Towering Inferno,1974,7.0,70.0,69.0,48K
368,Young Frankenstein,1974,8.0,80.0,83.0,169K
369,Earthquake,1974,5.9,59.0,56.0,18K
370,The Godfather Part II,1974,9.0,90.0,90.0,1.4M
371,Airport 1975,1974,5.7,57.0,50.0,12K
372,Benji,1974,6.1,61.0,35.0,5.2K
373, Herbie Rides Again,1974,5.7,57.0,49.0,8.9K
374, The Texas Chain Saw Massacre,1974,7.4,74.0,90.0,185K
375, That's Entertainment!,1974,7.8,78.0,73.0,5.4K
376, Thunderbolt and Lightfoot,1974,7.0,70.0,62.0,29K
377, Death Wish,1974,6.9,69.0,51.0,44K
378, The Man with the Golden Gun,1974,6.7,67.0,43.0,113K
379, Alice Doesn't Live Here Anymore,1974,7.3,73.0,78.0,28K
380, The Front Page,1974,7.3,73.0,62.0,15K
381, A Woman Under the Influence,1974,8.0,80.0,88.0,29K
382, California Split,1974,7.1,71.0,85.0,8.4K
383, Lenny,1974,7.5,75.0,61.0,18K
384,Jaws,1975,8.1,81.0,87.0,662K
385,The Rocky Horror Picture Show,1975,7.4,74.0,65.0,167K
386,One Flew Over the Cuckoo's Nest,1975,8.7,87.0,84.0,1.1M
387,Dog Day Afternoon,1975,8.0,80.0,86.0,274K
388,Shampoo,1975,6.4,64.0,65.0,14K
389,The Return of the Pink Panther,1975,7.0,70.0,61.0,30K
390,Three Days of the Condor,1975,7.4,74.0,63.0,63K
391,The Apple Dumpling Gang,1975,6.4,64.0,59.0,6.6K
392, Tommy,1975,6.6,66.0,66.0,23K
393, Rollerball,1975,6.5,65.0,56.0,29K
394, Escape to Witch Mountain,1975,6.3,63.0,60.0,11K
395, The Day of the Locust,1975,6.9,69.0,61.0,6.4K
396, Breakout,1975,6.1,61.0,44.0,4.7K
397, Nashville,1975,7.6,76.0,96.0,29K
398, Race with the Devil,1975,6.6,66.0,53.0,7.4K
399, French Connection II,1975,6.7,67.0,68.0,21K
400,Rocky,1976,8.1,81.0,70.0,631K
401,A Star Is Born,1976,6.1,61.0,59.0,13K
402,All the President's Men,1976,7.9,79.0,84.0,126K
403,King Kong,1976,6.0,60.0,61.0,36K
404,The Enforcer,1976,6.7,67.0,58.0,49K
405,The Bad News Bears,1976,7.3,73.0,84.0,25K
406,Silent Movie,1976,6.7,67.0,75.0,19K
407,The Pink Panther Strikes Again,1976,7.1,71.0,60.0,32K
408, Carrie,1976,7.4,74.0,86.0,208K
409, The Outlaw Josey Wales,1976,7.8,78.0,69.0,80K
410, Taxi Driver,1976,8.2,82.0,94.0,925K
411, Freaky Friday,1976,6.3,63.0,51.0,14K
412, Logan's Run,1976,6.8,68.0,53.0,61K
413, Marathon Man,1976,7.4,74.0,64.0,70K
414, The Missouri Breaks,1976,6.5,65.0,65.0,12K
415, Gator,1976,5.8,58.0,41.0,4.9K
416, Futureworld,1976,5.7,57.0,46.0,12K
417, Robin and Marian,1976,6.5,65.0,73.0,14K
418, Lipstick,1976,5.6,56.0,37.0,2.8K
419," That's Entertainment, Part II",1976,7.3,73.0,67.0,2.4K
420,Star Wars: Episode IV - A New Hope,1977,8.6,86.0,90.0,1.5M
421,Close Encounters of the Third Kind,1977,7.6,76.0,90.0,218K
422,Smokey and the Bandit,1977,7.0,70.0,50.0,57K
423,The Goodbye Girl,1977,7.4,74.0,64.0,16K
424,Saturday Night Fever,1977,6.8,68.0,77.0,88K
425,The Rescuers,1977,6.9,69.0,74.0,70K
426,A Bridge Too Far,1977,7.4,74.0,63.0,62K
427,The Spy Who Loved Me,1977,7.0,70.0,55.0,117K
428,"Oh, God!",1977,6.6,66.0,56.0,11K
429, Pete's Dragon,1977,6.3,63.0,46.0,27K
430, Annie Hall,1977,8.0,80.0,92.0,279K
431, Semi-Tough,1977,5.9,59.0,68.0,3.5K
432, The Gauntlet,1977,6.4,64.0,59.0,25K
433, The Turning Point,1977,6.8,68.0,68.0,5.2K
434, Heroes,1977,6.0,60.0,35.0,2.1K
435, High Anxiety,1977,6.6,66.0,55.0,24K
436, Exorcist II: The Heretic,1977,3.8,38.0,39.0,28K
437, Airport '77,1977,5.8,58.0,36.0,12K
438, Slap Shot,1977,7.3,73.0,61.0,41K
439, The Hills Have Eyes,1977,6.3,63.0,64.0,39K
440, For the Love of Benji,1977,5.9,59.0,46.0,1.2K
441, The Bad News Bears in Breaking Training,1977,5.6,56.0,47.0,3.7K
442,Grease,1978,7.2,72.0,70.0,302K
443,Superman,1978,7.4,74.0,82.0,188K
444,Every Which Way But Loose,1978,6.3,63.0,41.0,30K
445,Jaws 2,1978,5.8,58.0,51.0,85K
446,Heaven Can Wait,1978,6.9,69.0,72.0,24K
447,Hooper,1978,6.4,64.0,70.0,8K
448,The Deer Hunter,1978,8.1,81.0,90.0,363K
449,Halloween,1978,7.7,77.0,90.0,308K
450,Convoy,1978,6.3,63.0,47.0,19K
451, Foul Play,1978,6.8,68.0,45.0,17K
452, Up in Smoke,1978,6.9,69.0,57.0,41K
453, Midnight Express,1978,7.5,75.0,59.0,88K
454, Coming Home,1978,7.3,73.0,61.0,15K
455, House Calls,1978,6.6,66.0,49.0,2K
456, Magic,1978,6.8,68.0,49.0,14K
457, Invasion of the Body Snatchers,1978,7.4,74.0,75.0,70K
458, An Unmarried Woman,1978,7.2,72.0,79.0,6.1K
459, The Wiz,1978,5.5,55.0,53.0,17K
460, Ice Castles,1978,6.5,65.0,51.0,4.1K
461, La Cage aux Folles,1978,7.2,72.0,61.0,12K
462, F.I.S.T.,1978,6.4,64.0,54.0,8.8K
463, Sgt. Pepper's Lonely Hearts Club Band,1978,4.2,42.0,27.0,7K
464, Eyes of Laura Mars,1978,6.2,62.0,49.0,12K
465,Kramer vs. Kramer,1979,7.8,78.0,77.0,155K
466,The Amityville Horror,1979,6.2,62.0,28.0,45K
467,Apocalypse Now,1979,8.4,84.0,94.0,713K
468,Star Trek: The Motion Picture,1979,6.4,64.0,50.0,97K
469,Alien,1979,8.5,85.0,89.0,955K
470,The Muppet Movie,1979,7.6,76.0,74.0,39K
471,10,1979,6.1,61.0,68.0,19K
472,The Jerk,1979,7.1,71.0,61.0,64K
473,Moonraker,1979,6.2,62.0,66.0,109K
474, The Electric Horseman,1979,6.4,64.0,64.0,10K
475, The China Syndrome,1979,7.4,74.0,81.0,33K
476, Manhattan,1979,7.8,78.0,83.0,148K
477, Love at First Bite,1979,6.1,61.0,62.0,6.4K
478, Meatballs,1979,6.2,62.0,60.0,24K
479, Escape from Alcatraz,1979,7.6,76.0,76.0,148K
480, Starting Over,1979,6.4,64.0,64.0,3.3K
481, The In-Laws,1979,7.3,73.0,69.0,10K
482, All That Jazz,1979,7.8,78.0,72.0,36K
483, 1941,1979,5.8,58.0,34.0,36K
484, The Champ,1979,6.8,68.0,38.0,9.3K
485, Being There,1979,7.9,79.0,83.0,78K
486, The Rose,1979,6.9,69.0,67.0,9.3K
487, Going in Style,1979,7.1,71.0,65.0,3.9K
488,Star Wars: Episode V - The Empire Strikes Back,1980,8.7,87.0,82.0,1.4M
489,Superman II,1980,6.8,68.0,83.0,115K
490,9 to 5,1980,6.9,69.0,58.0,40K
491,Stir Crazy,1980,6.7,67.0,56.0,30K
492,Airplane!,1980,7.7,77.0,78.0,262K
493,Any Which Way You Can,1980,6.1,61.0,51.0,21K
494,Private Benjamin,1980,6.2,62.0,59.0,29K
495,Coal Miner's Daughter,1980,7.5,75.0,84.0,21K
496,Smokey and the Bandit II,1980,5.3,53.0,41.0,18K
497, The Blue Lagoon,1980,5.8,58.0,31.0,77K
498, The Blues Brothers,1980,7.9,79.0,60.0,215K
499, Ordinary People,1980,7.7,77.0,86.0,57K
500, Urban Cowboy,1980,6.4,64.0,61.0,17K
501, Popeye,1980,5.4,54.0,64.0,35K
502, The Shining,1980,8.4,84.0,68.0,1.1M
503, Seems Like Old Times,1980,6.7,67.0,58.0,11K
504, Cheech and Chong's Next Movie,1980,6.0,60.0,66.0,15K
505, Caddyshack,1980,7.2,72.0,48.0,128K
506, Friday the 13th,1980,6.4,64.0,22.0,158K
507, Brubaker,1980,7.1,71.0,54.0,19K
508, Little Darlings,1980,6.5,65.0,45.0,6.6K
509, Dressed to Kill,1980,7.1,71.0,74.0,49K
510, The Gods Must Be Crazy,1980,7.3,73.0,73.0,60K
511, The Jazz Singer,1980,5.9,59.0,37.0,5K
512, Bronco Billy,1980,6.1,61.0,66.0,13K
513,Raiders of the Lost Ark,1981,8.4,84.0,86.0,1M
514,On Golden Pond,1981,7.6,76.0,68.0,35K
515,Porky's,1981,6.2,62.0,40.0,46K
516,Arthur,1981,6.9,69.0,69.0,31K
517,Stripes,1981,6.8,68.0,68.0,80K
518,The Cannonball Run,1981,6.2,62.0,28.0,40K
519,The Fox and the Hound,1981,7.2,72.0,65.0,102K
520,For Your Eyes Only,1981,6.7,67.0,54.0,109K
521,Chariots of Fire,1981,7.1,71.0,78.0,66K
522, The Four Seasons,1981,6.8,68.0,55.0,5.7K
523, Time Bandits,1981,6.9,69.0,79.0,69K
524, Clash of the Titans,1981,6.9,69.0,59.0,48K
525, Absence of Malice,1981,6.9,69.0,64.0,15K
526, Reds,1981,7.3,73.0,76.0,25K
527, Tarzan the Ape Man,1981,3.4,34.0,24.0,6.2K
528, Taps,1981,6.8,68.0,49.0,20K
529, Sharky's Machine,1981,6.3,63.0,58.0,6.8K
530, Excalibur,1981,7.3,73.0,56.0,67K
531, Nice Dreams,1981,6.1,61.0,54.0,8.2K
532, History of the World: Part I,1981,6.8,68.0,47.0,55K
533, Bustin' Loose,1981,6.0,60.0,55.0,3.7K
534, The Great Muppet Caper,1981,7.1,71.0,70.0,17K
535, Endless Love,1981,4.9,49.0,30.0,9.6K
536, An American Werewolf in London,1981,7.5,75.0,55.0,121K
537, Neighbors,1981,5.5,55.0,47.0,8.6K
538,E.T. the Extra-Terrestrial,1982,7.9,79.0,92.0,439K
539,Tootsie,1982,7.4,74.0,88.0,115K
540,An Officer and a Gentleman,1982,7.1,71.0,75.0,63K
541,Rocky III,1982,6.8,68.0,57.0,212K
542,Star Trek II: The Wrath of Khan,1982,7.7,77.0,68.0,130K
543,48 Hrs.,1982,6.9,69.0,71.0,86K
544,Poltergeist,1982,7.3,73.0,79.0,180K
545,The Best Little Whorehouse in Texas,1982,6.1,61.0,40.0,13K
546,Annie,1982,6.6,66.0,39.0,50K
547, The Verdict,1982,7.7,77.0,77.0,46K
548, Gandhi,1982,8.0,80.0,79.0,241K
549, First Blood,1982,7.7,77.0,61.0,277K
550, The Toy,1982,5.8,58.0,16.0,15K
551, Firefox,1982,5.9,59.0,44.0,29K
552, The Dark Crystal,1982,7.1,71.0,66.0,72K
553, Conan the Barbarian,1982,6.9,69.0,43.0,163K
554, The Sword and the Sorcerer,1982,5.5,55.0,39.0,7.6K
555, Best Friends,1982,5.5,55.0,70.0,3.2K
556, Friday the 13th: Part 3,1982,5.6,56.0,30.0,61K
557, Tron,1982,6.7,67.0,58.0,130K
558, Blade Runner,1982,8.1,81.0,84.0,825K
559, Sophie's Choice,1982,7.5,75.0,68.0,53K
560, The World According to Garp,1982,7.1,71.0,63.0,29K
561,Star Wars: Episode VI - Return of the Jedi,1983,8.3,83.0,58.0,1.1M
562,Terms of Endearment,1983,7.4,74.0,79.0,66K
563,Flashdance,1983,6.2,62.0,39.0,60K
564,Trading Places,1983,7.5,75.0,69.0,167K
565,WarGames,1983,7.1,71.0,77.0,111K
566,Octopussy,1983,6.5,65.0,63.0,113K
567,Sudden Impact,1983,6.6,66.0,52.0,49K
568,Staying Alive,1983,4.8,48.0,24.0,18K
569,Mr. Mom,1983,6.6,66.0,50.0,28K
570, Risky Business,1983,6.8,68.0,75.0,100K
571, Splash,1983,6.3,63.0,71.0,84K
572, Vacation,1983,7.3,73.0,55.0,120K
573, Superman III,1983,5.0,50.0,44.0,75K
574, The Big Chill,1983,7.1,71.0,61.0,42K
575, Never Say Never Again,1983,6.1,61.0,68.0,73K
576, Scarface,1983,8.3,83.0,65.0,920K
577, Jaws 3-D,1983,3.7,37.0,27.0,48K
578, Blue Thunder,1983,6.4,64.0,66.0,23K
579, Yentl,1983,6.6,66.0,68.0,16K
580, Silkwood,1983,7.1,71.0,64.0,22K
581, Psycho II,1983,6.6,66.0,54.0,31K
582, Porky's II: The Next Day,1983,5.0,50.0,38.0,13K
583, Uncommon Valor,1983,6.3,63.0,38.0,12K
584, Twilight Zone: The Movie,1983,6.4,64.0,44.0,41K
585,Ghostbusters,1984,7.8,78.0,71.0,453K
586,Beverly Hills Cop,1984,7.4,74.0,66.0,205K
587,Indiana Jones and the Temple of Doom,1984,7.5,75.0,57.0,537K
588,Gremlins,1984,7.3,73.0,70.0,249K
589,The Karate Kid,1984,7.3,73.0,60.0,245K
590,Police Academy,1984,6.7,67.0,41.0,138K
591,Footloose,1984,6.6,66.0,42.0,93K
592,Romancing the Stone,1984,6.9,69.0,63.0,104K
593,Star Trek III: The Search for Spock,1984,6.6,66.0,56.0,86K
594, Purple Rain,1984,6.5,65.0,55.0,24K
595, Amadeus,1984,8.4,84.0,87.0,430K
596, Tightrope,1984,6.3,63.0,61.0,19K
597, The Natural,1984,7.4,74.0,61.0,53K
598," Greystoke: The Legend of Tarzan, Lord of the Apes",1984,6.4,64.0,62.0,21K
599, Revenge of the Nerds,1984,6.6,66.0,44.0,59K
600, 2010,1984,6.7,67.0,53.0,57K
601, Breakin',1984,5.8,58.0,53.0,7.3K
602, Bachelor Party,1984,6.3,63.0,56.0,43K
603, The Terminator,1984,8.1,81.0,84.0,928K
604, Red Dawn,1984,6.3,63.0,53.0,63K
605, City Heat,1984,5.5,55.0,39.0,11K
606, All of Me,1984,6.7,67.0,68.0,20K
607, Ghoulies,1984,4.2,42.0,26.0,10K
608, Places in the Heart,1984,7.4,74.0,70.0,14K
609,Back to the Future,1985,8.5,85.0,87.0,1.3M
610,Rambo: First Blood Part II,1985,6.5,65.0,47.0,183K
611,Rocky IV,1985,6.9,69.0,40.0,227K
612,The Color Purple,1985,7.7,77.0,78.0,98K
613,Out of Africa,1985,7.1,71.0,69.0,87K
614,Cocoon,1985,6.7,67.0,65.0,69K
615,The Jewel of the Nile,1985,6.1,61.0,53.0,63K
616,Witness,1985,7.4,74.0,76.0,105K
617,The Goonies,1985,7.7,77.0,62.0,299K
618, Spies Like Us,1985,6.4,64.0,22.0,53K
619, Police Academy 2: Their First Assignment,1985,5.8,58.0,39.0,59K
620, Fletch,1985,6.9,69.0,68.0,58K
621, A View to a Kill,1985,6.3,63.0,40.0,105K
622, National Lampoon's European Vacation,1985,6.2,62.0,47.0,72K
623, Mask,1985,7.2,72.0,73.0,33K
624, The Breakfast Club,1985,7.8,78.0,66.0,438K
625, White Nights,1985,6.6,66.0,46.0,8.3K
626, Pale Rider,1985,7.3,73.0,61.0,65K
627, Pee-wee's Big Adventure,1985,7.0,70.0,47.0,59K
628, Jagged Edge,1985,6.5,65.0,60.0,17K
629, Brewster's Millions,1985,6.5,65.0,37.0,43K
630, St. Elmo's Fire,1985,6.4,64.0,35.0,47K
631, Mad Max Beyond Thunderdome,1985,6.2,62.0,71.0,150K
632, Commando,1985,6.7,67.0,51.0,176K
633, Silverado,1985,7.2,72.0,64.0,50K
634,Top Gun,1986,6.9,69.0,50.0,505K
635,Crocodile Dundee,1986,6.6,66.0,62.0,116K
636,Platoon,1986,8.1,81.0,92.0,441K
637,The Karate Kid Part II,1986,6.1,61.0,55.0,99K
638,Star Trek IV: The Voyage Home,1986,7.3,73.0,71.0,92K
639,Back to School,1986,6.7,67.0,68.0,36K
640,Aliens,1986,8.4,84.0,84.0,766K
641,The Golden Child,1986,6.0,60.0,37.0,60K
642,Ruthless People,1986,6.9,69.0,78.0,31K
643, Ferris Bueller's Day Off,1986,7.8,78.0,61.0,388K
644, Down and Out in Beverly Hills,1986,6.2,62.0,72.0,20K
645, The Color of Money,1986,7.0,70.0,77.0,94K
646, Stand by Me,1986,8.1,81.0,75.0,443K
647, Legal Eagles,1986,6.0,60.0,57.0,12K
648, Cobra,1986,5.8,58.0,25.0,80K
649, An American Tail,1986,6.9,69.0,38.0,58K
650, Police Academy 3: Back in Training,1986,5.4,54.0,33.0,49K
651, Heartbreak Ridge,1986,6.8,68.0,53.0,48K
652, Peggy Sue Got Married,1986,6.4,64.0,75.0,41K
653, Poltergeist II: The Other Side,1986,5.7,57.0,49.0,30K
654, Short Circuit,1986,6.6,66.0,50.0,67K
655, Pretty in Pink,1986,6.7,67.0,56.0,89K
656, The Fly,1986,7.6,76.0,81.0,203K
657, Hannah and Her Sisters,1986,7.8,78.0,90.0,77K
658, Three Amigos!,1986,6.5,65.0,52.0,84K
659,Three Men and a Baby,1987,6.1,61.0,61.0,58K
660,Fatal Attraction,1987,6.9,69.0,67.0,98K
661,Beverly Hills Cop II,1987,6.5,65.0,48.0,131K
662,"Good Morning, Vietnam",1987,7.3,73.0,67.0,155K
663,Moonstruck,1987,7.2,72.0,83.0,69K
664,The Untouchables,1987,7.8,78.0,79.0,332K
665,The Secret of My Success,1987,6.5,65.0,36.0,37K
666,Stakeout,1987,6.7,67.0,69.0,29K
667,Lethal Weapon,1987,7.6,76.0,68.0,277K
668, The Witches of Eastwick,1987,6.5,65.0,67.0,78K
669, Predator,1987,7.8,78.0,47.0,457K
670, Throw Momma from the Train,1987,6.3,63.0,56.0,41K
671, Dragnet,1987,6.0,60.0,62.0,38K
672, La Bamba,1987,6.9,69.0,65.0,37K
673, RoboCop,1987,7.6,76.0,70.0,284K
674, Outrageous Fortune,1987,6.2,62.0,55.0,8.7K
675, Broadcast News,1987,7.3,73.0,84.0,34K
676, The Living Daylights,1987,6.7,67.0,59.0,106K
677, Eddie Murphy: Raw,1987,7.6,76.0,54.0,21K
678," Planes, Trains & Automobiles",1987,7.6,76.0,72.0,161K
679, Full Metal Jacket,1987,8.3,83.0,78.0,793K
680, A Nightmare on Elm Street 3: Dream Warriors,1987,6.6,66.0,49.0,91K
681, The Last Emperor,1987,7.7,77.0,76.0,112K
682, Wall Street,1987,7.3,73.0,56.0,166K
683, Mannequin,1987,6.0,60.0,21.0,36K
684,Rain Man,1988,8.0,80.0,65.0,548K
685,Who Framed Roger Rabbit,1988,7.7,77.0,83.0,218K
686,Coming to America,1988,7.1,71.0,47.0,224K
687,Big,1988,7.3,73.0,73.0,241K
688,Twins,1988,6.2,62.0,50.0,138K
689,Crocodile Dundee II,1988,5.7,57.0,41.0,61K
690,Die Hard,1988,8.2,82.0,72.0,949K
691,The Naked Gun: From the Files of Police Squad!,1988,7.6,76.0,76.0,186K
692,Cocktail,1988,5.9,59.0,12.0,92K
693, Oliver & Company,1988,6.6,66.0,58.0,53K
694, Beetlejuice,1988,7.5,75.0,71.0,342K
695, Working Girl,1988,6.8,68.0,73.0,63K
696, A Fish Called Wanda,1988,7.5,75.0,80.0,154K
697, Scrooged,1988,6.9,69.0,38.0,117K
698, Willow,1988,7.2,72.0,47.0,130K
699, Beaches,1988,7.0,70.0,46.0,29K
700, Rambo III,1988,5.8,58.0,36.0,141K
701, Bull Durham,1988,7.0,70.0,73.0,60K
702, A Nightmare on Elm Street 4: The Dream Master,1988,5.6,56.0,56.0,62K
703, The Land Before Time,1988,7.4,74.0,66.0,99K
704, Colors,1988,6.7,67.0,66.0,30K
705, Young Guns,1988,6.8,68.0,50.0,68K
706, Biloxi Blues,1988,6.6,66.0,61.0,17K
707, Dirty Rotten Scoundrels,1988,7.4,74.0,68.0,78K
708, The Great Outdoors,1988,6.6,66.0,24.0,52K
709,Batman,1989,7.5,75.0,69.0,405K
710,Indiana Jones and the Last Crusade,1989,8.2,82.0,65.0,814K
711,Lethal Weapon 2,1989,7.3,73.0,70.0,189K
712,Look Who's Talking,1989,5.9,59.0,51.0,87K
713,"Honey, I Shrunk the Kids",1989,6.4,64.0,63.0,167K
714,Back to the Future Part II,1989,7.8,78.0,57.0,575K
715,Ghostbusters II,1989,6.6,66.0,56.0,226K
716,The Little Mermaid,1989,7.6,76.0,88.0,292K
717,Driving Miss Daisy,1989,7.3,73.0,81.0,118K
718, Parenthood,1989,7.1,71.0,82.0,55K
719, Dead Poets Society,1989,8.1,81.0,79.0,549K
720, When Harry Met Sally...,1989,7.7,77.0,76.0,244K
721, The War of the Roses,1989,6.8,68.0,80.0,58K
722, Steel Magnolias,1989,7.3,73.0,56.0,63K
723, National Lampoon's Christmas Vacation,1989,7.5,75.0,49.0,221K
724, Turner & Hooch,1989,6.2,62.0,36.0,77K
725, Born on the Fourth of July,1989,7.2,72.0,75.0,116K
726, Uncle Buck,1989,7.1,71.0,51.0,108K
727, Field of Dreams,1989,7.5,75.0,57.0,129K
728, Tango & Cash,1989,6.4,64.0,41.0,114K
729, Harlem Nights,1989,6.1,61.0,16.0,25K
730, Sea of Love,1989,6.8,68.0,66.0,45K
731, Pet Sematary,1989,6.5,65.0,38.0,115K
732, The Abyss,1989,7.5,75.0,62.0,194K
733, Star Trek V: The Final Frontier,1989,5.5,55.0,43.0,64K
734,Home Alone,1990,7.7,77.0,63.0,655K
735,Ghost,1990,7.1,71.0,52.0,237K
736,Dances with Wolves,1990,8.0,80.0,72.0,292K
737,Pretty Woman,1990,7.1,71.0,51.0,365K
738,Teenage Mutant Ninja Turtles,1990,6.8,68.0,51.0,105K
739,The Hunt for Red October,1990,7.5,75.0,58.0,215K
740,Total Recall,1990,7.5,75.0,60.0,356K
741,Die Hard 2,1990,7.1,71.0,67.0,384K
742,Dick Tracy,1990,6.2,62.0,68.0,66K
743, Kindergarten Cop,1990,6.2,62.0,61.0,163K
744, Back to the Future Part III,1990,7.4,74.0,55.0,483K
745, Presumed Innocent,1990,6.9,69.0,72.0,46K
746, Days of Thunder,1990,6.1,61.0,60.0,97K
747, Another 48 Hrs.,1990,5.9,59.0,23.0,45K
748, Three Men and a Little Lady,1990,5.5,55.0,51.0,27K
749, Bird on a Wire,1990,6.0,60.0,36.0,48K
750, The Godfather Part III,1990,7.6,76.0,60.0,425K
751, Flatliners,1990,6.5,65.0,55.0,94K
752, Misery,1990,7.8,78.0,75.0,237K
753, Edward Scissorhands,1990,7.9,79.0,74.0,526K
754, Problem Child,1990,5.5,55.0,27.0,33K
755, Arachnophobia,1990,6.5,65.0,67.0,76K
756, Awakenings,1990,7.8,78.0,74.0,159K
757, Hard to Kill,1990,5.8,58.0,41.0,32K
758,Beauty and the Beast,1991,8.0,80.0,95.0,481K
759,Terminator 2: Judgment Day,1991,8.6,86.0,75.0,1.2M
760,Robin Hood: Prince of Thieves,1991,6.9,69.0,51.0,209K
761,The Silence of the Lambs,1991,8.6,86.0,86.0,1.6M
762,City Slickers,1991,6.8,68.0,70.0,63K
763,Hook,1991,6.8,68.0,52.0,274K
764,The Addams Family,1991,6.9,69.0,57.0,181K
765,Sleeping with the Enemy,1991,6.3,63.0,48.0,65K
766,Father of the Bride,1991,6.6,66.0,51.0,85K
767, The Naked Gun 2½: The Smell of Fear,1991,6.9,69.0,65.0,123K
768, Fried Green Tomatoes,1991,7.7,77.0,64.0,84K
769, Cape Fear,1991,7.3,73.0,73.0,218K
770, Teenage Mutant Ninja Turtles II: The Secret of the Ooze,1991,6.0,60.0,45.0,61K
771, Backdraft,1991,6.7,67.0,39.0,88K
772, Star Trek VI: The Undiscovered Country,1991,7.2,72.0,65.0,81K
773, The Prince of Tides,1991,6.8,68.0,65.0,20K
774, JFK,1991,8.0,80.0,72.0,170K
775, Hot Shots!,1991,6.7,67.0,61.0,117K
776, What About Bob?,1991,7.0,70.0,60.0,75K
777, My Girl,1991,6.9,69.0,56.0,89K
778, The Last Boy Scout,1991,7.0,70.0,52.0,112K
779, Boyz n the Hood,1991,7.8,78.0,76.0,156K
780, Doc Hollywood,1991,6.3,63.0,56.0,40K
781, Bugsy,1991,6.8,68.0,80.0,31K
782, New Jack City,1991,6.6,66.0,61.0,39K
783,Aladdin,1992,8.0,80.0,86.0,469K
784,Home Alone 2: Lost in New York,1992,6.9,69.0,46.0,404K
785,Batman Returns,1992,7.1,71.0,68.0,329K
786,Lethal Weapon 3,1992,6.7,67.0,40.0,179K
787,A Few Good Men,1992,7.7,77.0,62.0,289K
788,Sister Act,1992,6.5,65.0,51.0,109K
789,The Bodyguard,1992,6.4,64.0,39.0,148K
790,Wayne's World,1992,7.0,70.0,57.0,171K
791,Basic Instinct,1992,7.1,71.0,43.0,220K
792, A League of Their Own,1992,7.3,73.0,69.0,122K
793, Unforgiven,1992,8.2,82.0,85.0,437K
794, The Hand That Rocks the Cradle,1992,6.7,67.0,64.0,49K
795, Under Siege,1992,6.5,65.0,58.0,96K
796, Patriot Games,1992,6.8,68.0,64.0,121K
797, Bram Stoker's Dracula,1992,7.4,74.0,57.0,240K
798, White Men Can't Jump,1992,6.8,68.0,65.0,99K
799, The Last of the Mohicans,1992,7.7,77.0,76.0,189K
800, Boomerang,1992,5.6,56.0,45.0,31K
801, Scent of a Woman,1992,8.0,80.0,57.0,331K
802, The Crying Game,1992,7.2,72.0,90.0,60K
803, Far and Away,1992,6.6,66.0,49.0,68K
804," Honey, I Blew Up the Kid",1992,4.9,49.0,50.0,47K
805, HouseSitter,1992,6.2,62.0,52.0,27K
806, Death Becomes Her,1992,6.6,66.0,56.0,132K
807, Unlawful Entry,1992,6.4,64.0,61.0,19K
808,Jurassic Park,1993,8.2,82.0,68.0,1.1M
809,Mrs. Doubtfire,1993,7.1,71.0,54.0,292K
810,The Fugitive,1993,7.8,78.0,87.0,320K
811,The Firm,1993,6.9,69.0,58.0,148K
812,Sleepless in Seattle,1993,6.8,68.0,72.0,191K
813,Indecent Proposal,1993,6.0,60.0,45.0,78K
814,In the Line of Fire,1993,7.2,72.0,74.0,114K
815,The Pelican Brief,1993,6.6,66.0,51.0,96K
816,Schindler's List,1993,9.0,90.0,95.0,1.5M
817, Cliffhanger,1993,6.5,65.0,59.0,140K
818, Free Willy,1993,6.0,60.0,79.0,83K
819, Philadelphia,1993,7.7,77.0,66.0,259K
820, The Nightmare Before Christmas,1993,7.9,79.0,82.0,376K
821, Groundhog Day,1993,8.0,80.0,72.0,687K
822, Grumpy Old Men,1993,7.0,70.0,53.0,54K
823, Cool Runnings,1993,7.0,70.0,60.0,114K
824, Dave,1993,6.9,69.0,76.0,57K
825, Rising Sun,1993,6.2,62.0,56.0,48K
826, Demolition Man,1993,6.7,67.0,34.0,194K
827, Sister Act 2: Back in the Habit,1993,5.7,57.0,38.0,59K
828, Tombstone,1993,7.8,78.0,50.0,167K
829, The Three Musketeers,1993,6.4,64.0,43.0,60K
830, Rookie of the Year,1993,6.1,61.0,53.0,31K
831, Dennis the Menace,1993,5.7,57.0,49.0,65K
832,The Lion King,1994,8.5,85.0,88.0,1.1M
833,Forrest Gump,1994,8.8,88.0,82.0,2.3M
834,True Lies,1994,7.3,73.0,63.0,282K
835,The Santa Clause,1994,6.6,66.0,57.0,134K
836,The Flintstones,1994,5.0,50.0,38.0,87K
837,Dumb and Dumber,1994,7.3,73.0,41.0,414K
838,Clear and Present Danger,1994,6.9,69.0,72.0,108K
839,Speed,1994,7.3,73.0,78.0,393K
840,The Mask,1994,6.9,69.0,59.0,423K
841, Pulp Fiction,1994,8.9,89.0,95.0,2.2M
842, Interview with the Vampire: The Vampire Chronicles,1994,7.5,75.0,62.0,349K
843, Maverick,1994,7.0,70.0,62.0,119K
844, The Client,1994,6.7,67.0,65.0,74K
845, Disclosure,1994,6.2,62.0,58.0,55K
846, Star Trek: Generations,1994,6.6,66.0,55.0,87K
847, Ace Ventura: Pet Detective,1994,6.9,69.0,37.0,326K
848, Stargate,1994,7.0,70.0,42.0,206K
849, Legends of the Fall,1994,7.5,75.0,45.0,184K
850, Four Weddings and a Funeral,1994,7.1,71.0,81.0,167K
851, The Little Rascals,1994,6.3,63.0,45.0,56K
852, Naked Gun 33 1/3: The Final Insult,1994,6.5,65.0,63.0,112K
853, The Crow,1994,7.5,75.0,71.0,205K
854, Natural Born Killers,1994,7.2,72.0,74.0,253K
855,Toy Story,1995,8.3,83.0,96.0,1.1M
856,Batman Forever,1995,5.4,54.0,54.0,267K
857,Apollo 13,1995,7.7,77.0,78.0,317K
858,Pocahontas,1995,6.7,67.0,59.0,204K
859,Ace Ventura: When Nature Calls,1995,6.4,64.0,43.0,234K
860,GoldenEye,1995,7.2,72.0,65.0,271K
861,Jumanji,1995,7.1,71.0,39.0,379K
862,Casper,1995,6.2,62.0,49.0,147K
863,Se7en,1995,8.6,86.0,65.0,1.8M
864, Die Hard with a Vengeance,1995,7.6,76.0,58.0,409K
865, Crimson Tide,1995,7.3,73.0,66.0,124K
866, Waterworld,1995,6.3,63.0,56.0,211K
867, Dangerous Minds,1995,6.5,65.0,46.0,57K
868, Mr. Holland's Opus,1995,7.3,73.0,59.0,42K
869, While You Were Sleeping,1995,6.8,68.0,67.0,114K
870, Congo,1995,5.3,53.0,24.0,49K
871, Father of the Bride Part II,1995,6.1,61.0,49.0,42K
872, Braveheart,1995,8.3,83.0,68.0,1.1M
873, Get Shorty,1995,6.9,69.0,81.0,89K
874, Grumpier Old Men,1995,6.6,66.0,46.0,30K
875, The Bridges of Madison County,1995,7.6,76.0,69.0,89K
876, Mortal Kombat,1995,5.8,58.0,60.0,125K
877, Nine Months,1995,5.5,55.0,47.0,39K
878, Outbreak,1995,6.6,66.0,64.0,138K
879, Heat,1995,8.3,83.0,76.0,722K
880,Independence Day,1996,7.0,70.0,59.0,607K
881,Twister,1996,6.5,65.0,68.0,216K
882,Mission: Impossible,1996,7.2,72.0,59.0,472K
883,Jerry Maguire,1996,7.3,73.0,77.0,288K
884,Ransom,1996,6.7,67.0,61.0,136K
885,101 Dalmatians,1996,5.7,57.0,50.0,118K
886,The Rock,1996,7.4,74.0,58.0,359K
887,The Nutty Professor,1996,5.7,57.0,64.0,124K
888,The Birdcage,1996,7.2,72.0,71.0,101K
889, A Time to Kill,1996,7.5,75.0,53.0,182K
890, The First Wives Club,1996,6.4,64.0,59.0,54K
891, Phenomenon,1996,6.4,64.0,42.0,84K
892, Scream,1996,7.4,74.0,66.0,390K
893, Eraser,1996,6.2,62.0,56.0,119K
894, The Hunchback of Notre Dame,1996,7.0,70.0,74.0,172K
895, Michael,1996,5.7,57.0,38.0,45K
896, Star Trek: First Contact,1996,7.6,76.0,70.0,132K
897, Space Jam,1996,6.5,65.0,57.0,214K
898, The English Patient,1996,7.4,74.0,86.0,202K
899, Broken Arrow,1996,6.1,61.0,61.0,106K
900, Beavis and Butt-Head Do America,1996,6.8,68.0,64.0,61K
901, Jingle All the Way,1996,5.7,57.0,34.0,116K
902, The Cable Guy,1996,6.1,61.0,56.0,179K
903, Courage Under Fire,1996,6.6,66.0,77.0,60K
904, Jack,1996,5.8,58.0,31.0,64K
905,Titanic,1997,7.9,79.0,75.0,1.3M
906,Men in Black,1997,7.3,73.0,72.0,615K
907,The Lost World: Jurassic Park,1997,6.5,65.0,59.0,446K
908,Liar Liar,1997,6.9,69.0,70.0,335K
909,Air Force One,1997,6.5,65.0,62.0,211K
910,As Good as It Gets,1997,7.7,77.0,67.0,319K
911,Good Will Hunting,1997,8.3,83.0,71.0,1.1M
912,My Best Friend's Wedding,1997,6.3,63.0,51.0,156K
913,Tomorrow Never Dies,1997,6.5,65.0,52.0,205K
914, Face/Off,1997,7.3,73.0,82.0,402K
915, Batman & Robin,1997,3.8,38.0,29.0,269K
916, George of the Jungle,1997,5.5,55.0,53.0,85K
917, Scream 2,1997,6.3,63.0,62.0,210K
918, Con Air,1997,6.9,69.0,52.0,320K
919, Contact,1997,7.5,75.0,62.0,294K
920, Hercules,1997,7.3,73.0,74.0,256K
921, Flubber,1997,5.3,53.0,38.0,95K
922, Conspiracy Theory,1997,6.7,67.0,50.0,108K
923, I Know What You Did Last Summer,1997,5.8,58.0,52.0,159K
924, Dante's Peak,1997,6.0,60.0,43.0,99K
925, Anaconda,1997,4.9,49.0,37.0,112K
926, L.A. Confidential,1997,8.2,82.0,91.0,620K
927, In & Out,1997,6.4,64.0,70.0,44K
928, The Fifth Element,1997,7.6,76.0,52.0,509K
929, Mousehunt,1997,6.5,65.0,53.0,61K
930,Saving Private Ryan,1998,8.6,86.0,91.0,1.5M
931,Armageddon,1998,6.7,67.0,42.0,452K
932,There's Something About Mary,1998,7.1,71.0,69.0,330K
933,A Bug's Life,1998,7.2,72.0,78.0,316K
934,The Waterboy,1998,6.1,61.0,41.0,179K
935,Doctor Dolittle,1998,5.4,54.0,46.0,102K
936,Rush Hour,1998,7.0,70.0,61.0,296K
937,Deep Impact,1998,6.2,62.0,40.0,191K
938,Godzilla,1998,5.4,54.0,32.0,204K
939, Patch Adams,1998,6.8,68.0,26.0,123K
940, Lethal Weapon 4,1998,6.6,66.0,39.0,173K
941, The Truman Show,1998,8.2,82.0,90.0,1.2M
942, Mulan,1998,7.7,77.0,72.0,318K
943, You've Got Mail,1998,6.7,67.0,58.0,230K
944, Enemy of the State,1998,7.3,73.0,67.0,260K
945, The Prince of Egypt,1998,7.2,72.0,64.0,147K
946, The Rugrats Movie,1998,5.9,59.0,62.0,21K
947, Shakespeare in Love,1998,7.1,71.0,87.0,235K
948, The Mask of Zorro,1998,6.8,68.0,62.0,198K
949, Stepmom,1998,6.8,68.0,58.0,75K
950, Antz,1998,6.5,65.0,73.0,164K
951, Pokémon: The First Movie - Mewtwo Strikes Back,1998,6.3,63.0,35.0,46K
952, The X Files,1998,7.0,70.0,60.0,110K
953, The Wedding Singer,1998,6.9,69.0,60.0,163K
954, City of Angels,1998,6.7,67.0,54.0,128K
955,Star Wars: Episode I - The Phantom Menace,1999,6.5,65.0,51.0,862K
956,The Sixth Sense,1999,8.2,82.0,64.0,1.1M
957,Toy Story 2,1999,7.9,79.0,88.0,622K
958,Austin Powers: The Spy Who Shagged Me,1999,6.7,67.0,59.0,250K
959,The Matrix,1999,8.7,87.0,73.0,2.1M
960,Tarzan,1999,7.3,73.0,80.0,248K
961,Big Daddy,1999,6.4,64.0,42.0,235K
962,The Mummy,1999,7.1,71.0,48.0,463K
963,Runaway Bride,1999,5.6,56.0,39.0,105K
964, The Blair Witch Project,1999,6.5,65.0,80.0,287K
965, Stuart Little,1999,6.0,60.0,61.0,150K
966, The Green Mile,1999,8.6,86.0,61.0,1.4M
967, American Beauty,1999,8.3,83.0,84.0,1.2M
968, The World Is Not Enough,1999,6.4,64.0,57.0,210K
969, Double Jeopardy,1999,6.5,65.0,41.0,96K
970, Notting Hill,1999,7.2,72.0,68.0,344K
971, Wild Wild West,1999,4.9,49.0,40.0,168K
972, Analyze This,1999,6.7,67.0,60.0,162K
973, The General's Daughter,1999,6.4,64.0,47.0,64K
974, American Pie,1999,7.0,70.0,58.0,435K
975, Sleepy Hollow,1999,7.3,73.0,65.0,385K
976, Inspector Gadget,1999,4.2,42.0,36.0,51K
977, The Haunting,1999,5.0,50.0,42.0,81K
978, Entrapment,1999,6.3,63.0,54.0,124K
979, Payback,1999,7.1,71.0,46.0,146K
980,How the Grinch Stole Christmas,2000,6.3,63.0,46.0,292K
981,Cast Away,2000,7.8,78.0,74.0,641K
982,Mission: Impossible II,2000,6.1,61.0,59.0,379K
983,Gladiator,2000,8.5,85.0,67.0,1.6M
984,What Women Want,2000,6.4,64.0,47.0,223K
985,The Perfect Storm,2000,6.5,65.0,59.0,178K
986,Meet the Parents,2000,7.0,70.0,73.0,356K
987,X-Men,2000,7.3,73.0,64.0,649K
988,Scary Movie,2000,6.3,63.0,48.0,288K
989, What Lies Beneath,2000,6.6,66.0,51.0,136K
990, Dinosaur,2000,6.4,64.0,56.0,67K
991," Crouching Tiger, Hidden Dragon",2000,7.9,79.0,94.0,282K
992, Erin Brockovich,2000,7.4,74.0,73.0,222K
993, Charlie's Angels,2000,5.6,56.0,52.0,197K
994, Traffic,2000,7.6,76.0,86.0,220K
995, Nutty Professor II: The Klumps,2000,4.5,45.0,38.0,53K
996, Big Momma's House,2000,5.2,52.0,33.0,91K
997, Remember the Titans,2000,7.8,78.0,48.0,233K
998, The Patriot,2000,7.2,72.0,63.0,294K
999, Chicken Run,2000,7.1,71.0,88.0,213K
1000, Miss Congeniality,2000,6.3,63.0,43.0,231K
1001, Gone in 60 Seconds,2000,6.5,65.0,35.0,296K
1002, Unbreakable,2000,7.3,73.0,62.0,443K
1003," Me, Myself & Irene",2000,6.6,66.0,49.0,252K
1004, Space Cowboys,2000,6.5,65.0,73.0,86K
1005,Harry Potter and the Sorcerer's Stone,2001,7.6,76.0,65.0,859K
1006,The Lord of the Rings: The Fellowship of the Ring,2001,8.9,89.0,92.0,2M
1007,"Monsters, Inc.",2001,8.1,81.0,79.0,982K
1008,Shrek,2001,7.9,79.0,84.0,738K
1009,Rush Hour 2,2001,6.7,67.0,48.0,240K
1010,The Mummy Returns,2001,6.4,64.0,48.0,347K
1011,Pearl Harbor,2001,6.2,62.0,44.0,353K
1012,Ocean's Eleven,2001,7.7,77.0,74.0,622K
1013,Jurassic Park III,2001,5.9,59.0,42.0,342K
1014, Planet of the Apes,2001,5.7,57.0,50.0,232K
1015, A Beautiful Mind,2001,8.2,82.0,72.0,990K
1016, Hannibal,2001,6.8,68.0,57.0,294K
1017, American Pie 2,2001,6.4,64.0,43.0,271K
1018, The Fast and the Furious,2001,6.8,68.0,58.0,421K
1019, Lara Croft: Tomb Raider,2001,5.8,58.0,33.0,219K
1020, Dr. Dolittle 2,2001,4.7,47.0,49.0,47K
1021, Spy Kids,2001,5.6,56.0,71.0,128K
1022, Black Hawk Down,2001,7.7,77.0,74.0,425K
1023, The Princess Diaries,2001,6.4,64.0,52.0,165K
1024, Vanilla Sky,2001,6.9,69.0,45.0,286K
1025, The Others,2001,7.6,76.0,74.0,394K
1026, Legally Blonde,2001,6.5,65.0,59.0,250K
1027, America's Sweethearts,2001,5.7,57.0,44.0,60K
1028, Cats & Dogs,2001,5.2,52.0,47.0,63K
1029, Save the Last Dance,2001,6.2,62.0,53.0,66K
1030,Spider-Man,2002,7.4,74.0,73.0,883K
1031,The Lord of the Rings: The Two Towers,2002,8.8,88.0,87.0,1.8M
1032,Star Wars: Episode II - Attack of the Clones,2002,6.6,66.0,54.0,762K
1033,Harry Potter and the Chamber of Secrets,2002,7.4,74.0,63.0,695K
1034,My Big Fat Greek Wedding,2002,6.6,66.0,62.0,145K
1035,Signs,2002,6.8,68.0,59.0,387K
1036,Austin Powers in Goldmember,2002,6.2,62.0,62.0,223K
1037,Men in Black II,2002,6.2,62.0,49.0,405K
1038,Ice Age,2002,7.5,75.0,61.0,521K
1039, Chicago,2002,7.2,72.0,81.0,244K
1040, Catch Me If You Can,2002,8.1,81.0,75.0,1.1M
1041, Die Another Day,2002,6.1,61.0,56.0,230K
1042, Scooby-Doo,2002,5.3,53.0,35.0,126K
1043, Lilo & Stitch,2002,7.3,73.0,74.0,213K
1044, xXx,2002,5.8,58.0,48.0,187K
1045, The Santa Clause 2,2002,5.7,57.0,48.0,64K
1046, Minority Report,2002,7.6,76.0,80.0,586K
1047, The Ring,2002,7.1,71.0,57.0,376K
1048, Sweet Home Alabama,2002,6.2,62.0,45.0,124K
1049, Mr. Deeds,2002,5.8,58.0,24.0,153K
1050, The Bourne Identity,2002,7.8,78.0,68.0,578K
1051, The Sum of All Fears,2002,6.4,64.0,45.0,125K
1052, 8 Mile,2002,7.2,72.0,77.0,322K
1053, Road to Perdition,2002,7.7,77.0,72.0,285K
1054, Panic Room,2002,6.8,68.0,65.0,298K
1055,Finding Nemo,2003,8.2,82.0,90.0,1.1M
1056,The Lord of the Rings: The Return of the King,2003,9.0,90.0,94.0,2M
1057,Pirates of the Caribbean: The Curse of the Black Pearl,2003,8.1,81.0,63.0,1.2M
1058,The Matrix Reloaded,2003,7.2,72.0,62.0,633K
1059,Bruce Almighty,2003,6.8,68.0,46.0,435K
1060,X2,2003,7.4,74.0,68.0,578K
1061,Elf,2003,7.1,71.0,66.0,311K
1062,Terminator 3: Rise of the Machines,2003,6.3,63.0,66.0,419K
1063,The Matrix Revolutions,2003,6.7,67.0,47.0,545K
1064, Cheaper by the Dozen,2003,5.9,59.0,46.0,109K
1065, Bad Boys II,2003,6.6,66.0,38.0,268K
1066, Anger Management,2003,6.2,62.0,52.0,229K
1067, Bringing Down the House,2003,5.6,56.0,39.0,39K
1068, Hulk,2003,5.6,56.0,54.0,279K
1069, 2 Fast 2 Furious,2003,5.9,59.0,38.0,299K
1070, Something's Gotta Give,2003,6.7,67.0,66.0,130K
1071, Seabiscuit,2003,7.3,73.0,72.0,77K
1072, S.W.A.T.,2003,6.1,61.0,45.0,154K
1073, Spy Kids 3: Game Over,2003,4.4,44.0,57.0,67K
1074, The Last Samurai,2003,7.8,78.0,55.0,473K
1075, Freaky Friday,2003,6.3,63.0,70.0,153K
1076, Scary Movie 3,2003,5.5,55.0,49.0,159K
1077, The Italian Job,2003,7.0,70.0,68.0,390K
1078, How to Lose a Guy in 10 Days,2003,6.5,65.0,45.0,272K
1079, American Wedding,2003,6.3,63.0,43.0,218K
1080,Shrek 2,2004,7.3,73.0,75.0,507K
1081,Spider-Man 2,2004,7.5,75.0,83.0,712K
1082,The Passion of the Christ,2004,7.2,72.0,47.0,252K
1083,Meet the Fockers,2004,6.3,63.0,41.0,287K
1084,The Incredibles,2004,8.0,80.0,90.0,812K
1085,Harry Potter and the Prisoner of Azkaban,2004,7.9,79.0,82.0,694K
1086,The Day After Tomorrow,2004,6.5,65.0,47.0,478K
1087,The Polar Express,2004,6.6,66.0,61.0,242K
1088,The Bourne Supremacy,2004,7.7,77.0,73.0,488K
1089, National Treasure,2004,6.9,69.0,40.0,356K
1090, Shark Tale,2004,6.0,60.0,48.0,200K
1091," I, Robot",2004,7.1,71.0,59.0,577K
1092, Troy,2004,7.3,73.0,56.0,573K
1093, Ocean's Twelve,2004,6.5,65.0,58.0,415K
1094, 50 First Dates,2004,6.8,68.0,48.0,384K
1095, Van Helsing,2004,6.1,61.0,35.0,286K
1096, Fahrenheit 9/11,2004,7.5,75.0,67.0,133K
1097, A Series of Unfortunate Events,2004,6.8,68.0,62.0,222K
1098, Dodgeball: A True Underdog Story,2004,6.7,67.0,55.0,268K
1099, The Village,2004,6.6,66.0,44.0,279K
1100, The Grudge,2004,5.9,59.0,49.0,151K
1101, The Aviator,2004,7.5,75.0,77.0,385K
1102, Collateral,2004,7.5,75.0,71.0,434K
1103, Million Dollar Baby,2004,8.1,81.0,86.0,724K
1104, The Princess Diaries 2: Royal Engagement,2004,5.8,58.0,43.0,89K
1105,Star Wars: Episode III - Revenge of the Sith,2005,7.6,76.0,68.0,849K
1106,"The Chronicles of Narnia: The Lion, the Witch and the Wardrobe",2005,6.9,69.0,75.0,429K
1107,Harry Potter and the Goblet of Fire,2005,7.7,77.0,81.0,684K
1108,War of the Worlds,2005,6.5,65.0,73.0,477K
1109,King Kong,2005,7.2,72.0,81.0,448K
1110,Wedding Crashers,2005,7.0,70.0,64.0,377K
1111,Batman Begins,2005,8.2,82.0,70.0,1.6M
1112,Charlie and the Chocolate Factory,2005,6.7,67.0,72.0,531K
1113,Madagascar,2005,6.9,69.0,57.0,439K
1114, Mr. & Mrs. Smith,2005,6.5,65.0,55.0,544K
1115, Hitch,2005,6.6,66.0,58.0,336K
1116, The Longest Yard,2005,6.4,64.0,48.0,196K
1117, Fantastic Four,2005,5.7,57.0,40.0,345K
1118, Chicken Little,2005,5.7,57.0,48.0,101K
1119, Robots,2005,6.4,64.0,64.0,163K
1120, Walk the Line,2005,7.8,78.0,72.0,267K
1121, The Pacifier,2005,5.6,56.0,30.0,101K
1122, Fun with Dick and Jane,2005,6.2,62.0,47.0,155K
1123, The 40-Year-Old Virgin,2005,7.1,71.0,73.0,469K
1124, Flightplan,2005,6.3,63.0,53.0,172K
1125, Saw II,2005,6.6,66.0,40.0,277K
1126, Brokeback Mountain,2005,7.7,77.0,87.0,384K
1127, Monster-in-Law,2005,5.6,56.0,31.0,66K
1128, Are We There Yet?,2005,4.8,48.0,27.0,35K
1129, Cheaper by the Dozen 2,2005,5.5,55.0,34.0,63K
1130,Pirates of the Caribbean: Dead Man's Chest,2006,7.4,74.0,53.0,770K
1131,Night at the Museum,2006,6.5,65.0,48.0,379K
1132,Cars,2006,7.2,72.0,73.0,473K
1133,X-Men: The Last Stand,2006,6.6,66.0,58.0,542K
1134,The Da Vinci Code,2006,6.6,66.0,46.0,460K
1135,300,2006,7.6,76.0,52.0,867K
1136,Superman Returns,2006,6.1,61.0,72.0,292K
1137,Happy Feet,2006,6.4,64.0,77.0,201K
1138,Ice Age: The Meltdown,2006,6.8,68.0,59.0,298K
1139, Casino Royale,2006,8.0,80.0,80.0,696K
1140, The Pursuit of Happyness,2006,8.0,80.0,64.0,563K
1141, Over the Hedge,2006,6.7,67.0,67.0,190K
1142, Talladega Nights: The Ballad of Ricky Bobby,2006,6.6,66.0,66.0,201K
1143, Click,2006,6.4,64.0,45.0,358K
1144, Mission: Impossible III,2006,6.9,69.0,66.0,392K
1145, The Departed,2006,8.5,85.0,85.0,1.4M
1146, Borat,2006,7.4,74.0,89.0,444K
1147, The Devil Wears Prada,2006,6.9,69.0,62.0,471K
1148, The Break-Up,2006,5.8,58.0,46.0,139K
1149, Dreamgirls,2006,6.6,66.0,76.0,77K
1150, Scary Movie 4,2006,5.1,51.0,40.0,130K
1151, Failure to Launch,2006,5.6,56.0,47.0,86K
1152, Inside Man,2006,7.6,76.0,76.0,400K
1153, Open Season,2006,6.1,61.0,49.0,106K
1154, The Santa Clause 3: The Escape Clause,2006,4.8,48.0,32.0,43K
1155,Spider-Man 3,2007,6.3,63.0,59.0,640K
1156,Shrek the Third,2007,6.1,61.0,58.0,334K
1157,Transformers,2007,7.0,70.0,61.0,677K
1158,Pirates of the Caribbean: At World's End,2007,7.1,71.0,50.0,696K
1159,Harry Potter and the Order of the Phoenix,2007,7.5,75.0,71.0,636K
1160,I Am Legend,2007,7.2,72.0,65.0,818K
1161,The Bourne Ultimatum,2007,8.0,80.0,85.0,659K
1162,National Treasure: Book of Secrets,2007,6.5,65.0,48.0,254K
1163,Alvin and the Chipmunks,2007,5.2,52.0,39.0,95K
1164, Ratatouille,2007,8.1,81.0,96.0,830K
1165, The Simpsons Movie,2007,7.3,73.0,80.0,351K
1166, Wild Hogs,2007,5.8,58.0,27.0,124K
1167, Knocked Up,2007,6.9,69.0,85.0,385K
1168, Juno,2007,7.4,74.0,81.0,550K
1169, Rush Hour 3,2007,6.2,62.0,44.0,184K
1170, Live Free or Die Hard,2007,7.1,71.0,69.0,421K
1171, Fantastic Four: Rise of the Silver Surfer,2007,5.6,56.0,45.0,278K
1172, American Gangster,2007,7.8,78.0,76.0,454K
1173, Enchanted,2007,7.1,71.0,75.0,218K
1174, Bee Movie,2007,6.1,61.0,54.0,181K
1175, Superbad,2007,7.6,76.0,76.0,635K
1176, I Now Pronounce You Chuck & Larry,2007,5.9,59.0,37.0,154K
1177, Hairspray,2007,6.7,67.0,81.0,139K
1178, Blades of Glory,2007,6.3,63.0,64.0,178K
1179, Ocean's Thirteen,2007,6.9,69.0,62.0,368K
1180,The Dark Knight,2008,9.0,90.0,84.0,2.9M
1181,Iron Man,2008,7.9,79.0,79.0,1.1M
1182,Indiana Jones and the Kingdom of the Crystal Skull,2008,6.2,62.0,65.0,493K
1183,Hancock,2008,6.4,64.0,49.0,513K
1184,WALL·E,2008,8.4,84.0,95.0,1.2M
1185,Kung Fu Panda,2008,7.6,76.0,74.0,525K
1186,Twilight,2008,5.3,53.0,56.0,489K
1187,Madagascar: Escape 2 Africa,2008,6.6,66.0,61.0,249K
1188,Quantum of Solace,2008,6.5,65.0,58.0,472K
1189, Horton Hears a Who!,2008,6.8,68.0,71.0,151K
1190, Sex and the City,2008,5.7,57.0,53.0,128K
1191, Gran Torino,2008,8.1,81.0,73.0,817K
1192, Taken,2008,7.7,77.0,51.0,636K
1193, Mamma Mia!,2008,6.5,65.0,51.0,276K
1194, Marley & Me,2008,7.0,70.0,53.0,168K
1195, The Chronicles of Narnia: Prince Caspian,2008,6.5,65.0,62.0,226K
1196, Slumdog Millionaire,2008,8.0,80.0,84.0,880K
1197, The Incredible Hulk,2008,6.6,66.0,61.0,525K
1198, Wanted,2008,6.7,67.0,64.0,410K
1199, Get Smart,2008,6.5,65.0,54.0,229K
1200, The Curious Case of Benjamin Button,2008,7.8,78.0,70.0,698K
1201, Four Christmases,2008,5.7,57.0,41.0,81K
1202, Bolt,2008,6.8,68.0,67.0,230K
1203, Tropic Thunder,2008,7.1,71.0,71.0,450K
1204, Bedtime Stories,2008,6.0,60.0,33.0,102K
1205,Avatar,2009,7.9,79.0,83.0,1.4M
1206,Transformers: Revenge of the Fallen,2009,6.0,60.0,35.0,430K
1207,Harry Potter and the Half-Blood Prince,2009,7.6,76.0,78.0,598K
1208,The Twilight Saga: New Moon,2009,4.8,48.0,44.0,301K
1209,Up,2009,8.3,83.0,88.0,1.1M
1210,The Hangover,2009,7.7,77.0,73.0,850K
1211,Star Trek,2009,7.9,79.0,82.0,621K
1212,The Blind Side,2009,7.6,76.0,53.0,362K
1213,Alvin and the Chipmunks: The Squeakquel,2009,4.5,45.0,41.0,55K
1214, Sherlock Holmes,2009,7.6,76.0,57.0,673K
1215, Monsters vs. Aliens,2009,6.4,64.0,56.0,177K
1216, Ice Age: Dawn of the Dinosaurs,2009,6.9,69.0,50.0,265K
1217, X-Men Origins: Wolverine,2009,6.5,65.0,40.0,532K
1218, Night at the Museum: Battle of the Smithsonian,2009,6.0,60.0,42.0,213K
1219, 2012,2009,5.8,58.0,49.0,399K
1220, The Proposal,2009,6.8,68.0,48.0,362K
1221, Fast & Furious,2009,6.5,65.0,46.0,312K
1222, G.I. Joe: The Rise of Cobra,2009,5.7,57.0,32.0,215K
1223, A Christmas Carol,2009,6.8,68.0,55.0,130K
1224, Angels & Demons,2009,6.7,67.0,48.0,310K
1225, Terminator Salvation,2009,6.5,65.0,49.0,378K
1226, Cloudy with a Chance of Meatballs,2009,6.9,69.0,66.0,259K
1227, Inglourious Basterds,2009,8.4,84.0,69.0,1.6M
1228, G-Force,2009,5.1,51.0,41.0,50K
1229, District 9,2009,7.9,79.0,81.0,719K
1230,Toy Story 3,2010,8.3,83.0,92.0,895K
1231,Alice in Wonderland,2010,6.4,64.0,53.0,442K
1232,Iron Man 2,2010,6.9,69.0,57.0,871K
1233,The Twilight Saga: Eclipse,2010,5.1,51.0,58.0,262K
1234,Harry Potter and the Deathly Hallows: Part 1,2010,7.7,77.0,65.0,602K
1235,Inception,2010,8.8,88.0,74.0,2.6M
1236,Despicable Me,2010,7.6,76.0,72.0,586K
1237,Shrek Forever After,2010,6.3,63.0,58.0,226K
1238,How to Train Your Dragon,2010,8.1,81.0,75.0,804K
1239, Tangled,2010,7.7,77.0,71.0,497K
1240, The Karate Kid,2010,6.2,62.0,61.0,207K
1241, Tron: Legacy,2010,6.8,68.0,49.0,357K
1242, True Grit,2010,7.6,76.0,80.0,358K
1243, Clash of the Titans,2010,5.8,58.0,39.0,293K
1244, Grown Ups,2010,6.0,60.0,30.0,278K
1245, Megamind,2010,7.3,73.0,63.0,297K
1246, Little Fockers,2010,5.5,55.0,27.0,119K
1247, The King's Speech,2010,8.0,80.0,88.0,709K
1248, The Last Airbender,2010,4.0,40.0,20.0,175K
1249, Shutter Island,2010,8.2,82.0,63.0,1.5M
1250, The Other Guys,2010,6.6,66.0,64.0,289K
1251, Salt,2010,6.4,64.0,65.0,331K
1252, Jackass 3D,2010,7.0,70.0,56.0,69K
1253, Valentine's Day,2010,5.7,57.0,34.0,126K
1254, Black Swan,2010,8.0,80.0,79.0,828K
1255,Harry Potter and the Deathly Hallows: Part 2,2011,8.1,81.0,85.0,952K
1256,Transformers: Dark of the Moon,2011,6.2,62.0,42.0,433K
1257,The Twilight Saga: Breaking Dawn - Part 1,2011,4.9,49.0,45.0,255K
1258,The Hangover Part II,2011,6.5,65.0,44.0,536K
1259,Pirates of the Caribbean: On Stranger Tides,2011,6.6,66.0,45.0,566K
1260,Fast Five,2011,7.3,73.0,66.0,408K
1261,Mission: Impossible - Ghost Protocol,2011,7.4,74.0,73.0,530K
1262,Cars 2,2011,6.2,62.0,57.0,219K
1263,Sherlock Holmes: A Game of Shadows,2011,7.4,74.0,48.0,482K
1264, Thor,2011,7.0,70.0,57.0,903K
1265, Rise of the Planet of the Apes,2011,7.6,76.0,68.0,572K
1266, Captain America: The First Avenger,2011,6.9,69.0,66.0,900K
1267, The Help,2011,8.1,81.0,62.0,494K
1268, Bridesmaids,2011,6.8,68.0,75.0,310K
1269, Kung Fu Panda 2,2011,7.3,73.0,67.0,323K
1270, Puss in Boots,2011,6.6,66.0,65.0,193K
1271, X-Men: First Class,2011,7.7,77.0,65.0,726K
1272, Rio,2011,6.9,69.0,63.0,250K
1273, The Smurfs,2011,5.4,54.0,30.0,97K
1274, Alvin and the Chipmunks: Chipwrecked,2011,4.4,44.0,24.0,40K
1275, Super 8,2011,7.0,70.0,72.0,368K
1276, Rango,2011,7.3,73.0,75.0,294K
1277, Horrible Bosses,2011,6.9,69.0,57.0,471K
1278, Green Lantern,2011,5.5,55.0,39.0,297K
1279, Hop,2011,5.4,54.0,41.0,37K
1280,The Avengers,2012,8.0,80.0,69.0,1.5M
1281,The Dark Knight Rises,2012,8.4,84.0,78.0,1.8M
1282,The Hunger Games,2012,7.2,72.0,68.0,1M
1283,Skyfall,2012,7.8,78.0,81.0,733K
1284,The Hobbit: An Unexpected Journey,2012,7.8,78.0,58.0,875K
1285,The Twilight Saga: Breaking Dawn - Part 2,2012,5.5,55.0,52.0,264K
1286,The Amazing Spider-Man,2012,6.9,69.0,66.0,705K
1287,Brave,2012,7.1,71.0,69.0,444K
1288,Ted,2012,6.9,69.0,62.0,659K
1289, Madagascar 3: Europe's Most Wanted,2012,6.8,68.0,60.0,199K
1290, The Lorax,2012,6.4,64.0,46.0,131K
1291, Wreck-It Ralph,2012,7.7,77.0,72.0,460K
1292, Lincoln,2012,7.3,73.0,87.0,273K
1293, Men in Black³,2012,6.8,68.0,58.0,388K
1294, Django Unchained,2012,8.5,85.0,81.0,1.7M
1295, Ice Age: Continental Drift,2012,6.5,65.0,49.0,226K
1296, Snow White and the Huntsman,2012,6.1,61.0,57.0,303K
1297, Les Misérables,2012,7.5,75.0,63.0,347K
1298, Hotel Transylvania,2012,7.0,70.0,47.0,282K
1299, Taken 2,2012,6.2,62.0,45.0,323K
1300, 21 Jump Street,2012,7.2,72.0,69.0,601K
1301, Argo,2012,7.7,77.0,86.0,640K
1302, Silver Linings Playbook,2012,7.7,77.0,81.0,744K
1303, Prometheus,2012,7.0,70.0,64.0,646K
1304, Safe House,2012,6.7,67.0,52.0,236K
1305,The Hunger Games: Catching Fire,2013,7.5,75.0,76.0,724K
1306,Iron Man 3,2013,7.1,71.0,62.0,902K
1307,Frozen,2013,7.4,74.0,75.0,666K
1308,Despicable Me 2,2013,7.3,73.0,62.0,427K
1309,Man of Steel,2013,7.1,71.0,55.0,814K
1310,Gravity,2013,7.7,77.0,96.0,865K
1311,Monsters University,2013,7.2,72.0,65.0,392K
1312,The Hobbit: The Desolation of Smaug,2013,7.8,78.0,66.0,708K
1313,Fast & Furious 6,2013,7.0,70.0,61.0,418K
1314, Oz the Great and Powerful,2013,6.3,63.0,44.0,215K
1315, Star Trek Into Darkness,2013,7.7,77.0,72.0,498K
1316, Thor: The Dark World,2013,6.8,68.0,54.0,727K
1317, World War Z,2013,7.0,70.0,63.0,723K
1318, The Croods,2013,7.1,71.0,55.0,233K
1319, The Heat,2013,6.6,66.0,60.0,182K
1320, We're the Millers,2013,7.0,70.0,44.0,488K
1321, American Hustle,2013,7.2,72.0,90.0,501K
1322, The Great Gatsby,2013,7.2,72.0,55.0,599K
1323, The Conjuring,2013,7.5,75.0,68.0,557K
1324, Identity Thief,2013,5.7,57.0,35.0,141K
1325, Grown Ups 2,2013,5.4,54.0,19.0,170K
1326, The Wolverine,2013,6.7,67.0,61.0,494K
1327, Anchorman 2: The Legend Continues,2013,6.3,63.0,61.0,193K
1328, Lone Survivor,2013,7.5,75.0,60.0,308K
1329, G.I. Joe: Retaliation,2013,5.7,57.0,41.0,188K
1330,American Sniper,2014,7.3,73.0,73.0,531K
1331,The Hunger Games: Mockingjay - Part 1,2014,6.6,66.0,64.0,505K
1332,Guardians of the Galaxy,2014,8.0,80.0,76.0,1.3M
1333,Captain America: The Winter Soldier,2014,7.7,77.0,70.0,902K
1334,The Lego Movie,2014,7.7,77.0,83.0,390K
1335,The Hobbit: The Battle of the Five Armies,2014,7.4,74.0,59.0,574K
1336,Transformers: Age of Extinction,2014,5.6,56.0,32.0,332K
1337,Maleficent,2014,6.9,69.0,56.0,401K
1338,X-Men: Days of Future Past,2014,7.9,79.0,75.0,747K
1339, Big Hero 6,2014,7.8,78.0,74.0,504K
1340, Dawn of the Planet of the Apes,2014,7.6,76.0,79.0,480K
1341, The Amazing Spider-Man 2,2014,6.6,66.0,53.0,540K
1342, Godzilla,2014,6.4,64.0,62.0,443K
1343, 22 Jump Street,2014,7.0,70.0,71.0,408K
1344, Teenage Mutant Ninja Turtles,2014,5.8,58.0,31.0,221K
1345, Interstellar,2014,8.7,87.0,74.0,2.1M
1346, How to Train Your Dragon 2,2014,7.8,78.0,77.0,365K
1347, Gone Girl,2014,8.1,81.0,79.0,1.1M
1348, Divergent,2014,6.6,66.0,48.0,491K
1349, Neighbors,2014,6.3,63.0,68.0,330K
1350, Ride Along,2014,6.1,61.0,41.0,123K
1351, Rio 2,2014,6.3,63.0,49.0,101K
1352, Kingsman: The Secret Service,2014,7.7,77.0,60.0,718K
1353, Into the Woods,2014,5.9,59.0,69.0,148K
1354, Lucy,2014,6.4,64.0,62.0,537K
1355,Star Wars: Episode VII - The Force Awakens,2015,7.8,78.0,80.0,976K
1356,Jurassic World,2015,6.9,69.0,59.0,682K
1357,Avengers: Age of Ultron,2015,7.3,73.0,66.0,925K
1358,Inside Out,2015,8.1,81.0,94.0,789K
1359,Furious 7,2015,7.1,71.0,67.0,416K
1360,Minions,2015,6.4,64.0,56.0,261K
1361,The Hunger Games: Mockingjay - Part 2,2015,6.5,65.0,65.0,375K
1362,The Martian,2015,8.0,80.0,80.0,930K
1363,Cinderella,2015,6.9,69.0,67.0,191K
1364, Spectre,2015,6.8,68.0,60.0,468K
1365, Mission: Impossible - Rogue Nation,2015,7.4,74.0,75.0,412K
1366, Pitch Perfect 2,2015,6.4,64.0,63.0,171K
1367, The Revenant,2015,8.0,80.0,76.0,878K
1368, Ant-Man,2015,7.2,72.0,64.0,724K
1369, Home,2015,6.5,65.0,55.0,112K
1370, Hotel Transylvania 2,2015,6.6,66.0,44.0,144K
1371, Fifty Shades of Grey,2015,4.2,42.0,46.0,337K
1372, The SpongeBob Movie: Sponge Out of Water,2015,6.0,60.0,62.0,61K
1373, Straight Outta Compton,2015,7.8,78.0,72.0,219K
1374, San Andreas,2015,6.1,61.0,43.0,258K
1375, Mad Max: Fury Road,2015,8.1,81.0,90.0,1.1M
1376, Daddy's Home,2015,6.2,62.0,42.0,129K
1377, The Divergent Series: Insurgent,2015,6.2,62.0,42.0,256K
1378, The Peanuts Movie,2015,7.0,70.0,67.0,50K
1379, The Good Dinosaur,2015,6.7,67.0,66.0,128K
1380,Rogue One: A Star Wars Story,2016,7.8,78.0,65.0,689K
1381,Finding Dory,2016,7.2,72.0,77.0,305K
1382,Captain America: Civil War,2016,7.8,78.0,75.0,853K
1383,The Secret Life of Pets,2016,6.5,65.0,61.0,218K
1384,The Jungle Book,2016,7.4,74.0,77.0,293K
1385,Deadpool,2016,8.0,80.0,65.0,1.1M
1386,Zootopia,2016,8.0,80.0,78.0,549K
1387,Batman v Superman: Dawn of Justice,2016,6.5,65.0,44.0,754K
1388,Suicide Squad,2016,5.9,59.0,40.0,724K
1389, Sing,2016,7.1,71.0,59.0,192K
1390, Moana,2016,7.6,76.0,81.0,381K
1391, Fantastic Beasts and Where to Find Them,2016,7.2,72.0,66.0,509K
1392, Doctor Strange,2016,7.5,75.0,72.0,808K
1393, Hidden Figures,2016,7.8,78.0,74.0,257K
1394, Jason Bourne,2016,6.6,66.0,58.0,243K
1395, Star Trek Beyond,2016,7.0,70.0,68.0,259K
1396, X-Men: Apocalypse,2016,6.9,69.0,52.0,463K
1397, Trolls,2016,6.4,64.0,55.0,92K
1398, La La Land,2016,8.0,80.0,94.0,676K
1399, Kung Fu Panda 3,2016,7.1,71.0,66.0,191K
1400, Split,2016,7.3,73.0,63.0,558K
1401, Ghostbusters,2016,6.8,68.0,60.0,247K
1402, Central Intelligence,2016,6.3,63.0,52.0,214K
1403, The Legend of Tarzan,2016,6.2,62.0,44.0,189K
1404, Sully,2016,7.4,74.0,74.0,299K
1405,Star Wars: Episode VIII - The Last Jedi,2017,6.9,69.0,84.0,674K
1406,Beauty and the Beast,2017,7.1,71.0,65.0,336K
1407,Wonder Woman,2017,7.3,73.0,76.0,701K
1408,Jumanji: Welcome to the Jungle,2017,7.0,70.0,58.0,452K
1409,Guardians of the Galaxy Vol. 2,2017,7.6,76.0,67.0,762K
1410,Spider-Man: Homecoming,2017,7.4,74.0,73.0,723K
1411,It,2017,7.3,73.0,69.0,609K
1412,Thor: Ragnarok,2017,7.9,79.0,74.0,819K
1413,Despicable Me 3,2017,6.2,62.0,49.0,155K
1414, Justice League,2017,6.1,61.0,45.0,480K
1415, Logan,2017,8.1,81.0,77.0,836K
1416, The Fate of the Furious,2017,6.6,66.0,56.0,255K
1417, Coco,2017,8.4,84.0,81.0,595K
1418, Dunkirk,2017,7.8,78.0,94.0,743K
1419, Get Out,2017,7.8,78.0,85.0,702K
1420, The Lego Batman Movie,2017,7.3,73.0,75.0,173K
1421, The Boss Baby,2017,6.3,63.0,50.0,142K
1422, The Greatest Showman,2017,7.5,75.0,48.0,313K
1423, Pirates of the Caribbean: Dead Men Tell No Tales,2017,6.5,65.0,39.0,348K
1424, Kong: Skull Island,2017,6.7,67.0,62.0,350K
1425, Cars 3,2017,6.7,67.0,59.0,123K
1426, War for the Planet of the Apes,2017,7.4,74.0,82.0,295K
1427, Wonder,2017,7.9,79.0,66.0,179K
1428, Transformers: The Last Knight,2017,5.2,52.0,27.0,170K
1429, Girls Trip,2017,6.2,62.0,71.0,41K
1430,Black Panther,2018,7.3,73.0,88.0,840K
1431,Avengers: Infinity War,2018,8.4,84.0,68.0,1.2M
1432,Incredibles 2,2018,7.5,75.0,80.0,333K
1433,Jurassic World: Fallen Kingdom,2018,6.1,61.0,51.0,346K
1434,Aquaman,2018,6.8,68.0,55.0,522K
1435,Deadpool 2,2018,7.6,76.0,66.0,650K
1436,The Grinch,2018,6.4,64.0,51.0,91K
1437,Mission: Impossible - Fallout,2018,7.7,77.0,87.0,380K
1438,Ant-Man and the Wasp,2018,7.0,70.0,70.0,452K
1439, Bohemian Rhapsody,2018,7.9,79.0,49.0,596K
1440, A Star Is Born,2018,7.6,76.0,88.0,421K
1441, Solo: A Star Wars Story,2018,6.9,69.0,62.0,381K
1442, Venom,2018,6.6,66.0,35.0,541K
1443, Ralph Breaks the Internet,2018,7.0,70.0,71.0,184K
1444, Spider-Man: Into the Spider-Verse,2018,8.4,84.0,87.0,676K
1445, A Quiet Place,2018,7.5,75.0,82.0,587K
1446, Crazy Rich Asians,2018,6.9,69.0,74.0,191K
1447, Mary Poppins Returns,2018,6.7,67.0,66.0,95K
1448, Hotel Transylvania 3: Summer Vacation,2018,6.3,63.0,54.0,86K
1449, Fantastic Beasts: The Crimes of Grindelwald,2018,6.5,65.0,52.0,310K
1450, Halloween,2018,6.5,65.0,67.0,170K
1451, The Meg,2018,5.7,57.0,46.0,208K
1452, Ocean's Eight,2018,6.3,63.0,61.0,243K
1453, Ready Player One,2018,7.4,74.0,64.0,489K
1454, Bumblebee,2018,6.7,67.0,66.0,190K
1455,Avengers: Endgame,2019,8.4,84.0,78.0,1.3M
1456,The Lion King,2019,6.8,68.0,55.0,268K
1457,Star Wars: Episode IX - The Rise of Skywalker,2019,6.4,64.0,53.0,496K
1458,Frozen II,2019,6.8,68.0,64.0,196K
1459,Toy Story 4,2019,7.7,77.0,84.0,282K
1460,Captain Marvel,2019,6.8,68.0,64.0,613K
1461,Spider-Man: Far from Home,2019,7.4,74.0,69.0,560K
1462,Aladdin,2019,6.9,69.0,53.0,291K
1463,Joker,2019,8.4,84.0,59.0,1.5M
1464, Jumanji: The Next Level,2019,6.7,67.0,58.0,285K
1465, It Chapter Two,2019,6.5,65.0,58.0,304K
1466, Us,2019,6.8,68.0,81.0,343K
1467, Fast & Furious Presents: Hobbs & Shaw,2019,6.5,65.0,60.0,237K
1468, John Wick: Chapter 3 - Parabellum,2019,7.4,74.0,73.0,428K
1469, Knives Out,2019,7.9,79.0,82.0,778K
1470, How to Train Your Dragon: The Hidden World,2019,7.4,74.0,71.0,151K
1471, 1917,2019,8.2,82.0,78.0,680K
1472, The Secret Life of Pets 2,2019,6.4,64.0,55.0,69K
1473, Pokémon: Detective Pikachu,2019,6.5,65.0,53.0,183K
1474, Once Upon a Time... in Hollywood,2019,7.6,76.0,84.0,854K
1475, Shazam!,2019,7.0,70.0,71.0,386K
1476, Ford v Ferrari,2019,8.1,81.0,81.0,480K
1477, Dumbo,2019,6.3,63.0,51.0,83K
1478, Maleficent: Mistress of Evil,2019,6.6,66.0,43.0,119K
1479, Glass,2019,6.6,66.0,43.0,276K
1480,Bad Boys for Life,2020,6.5,65.0,59.0,176K
1481,A Quiet Place Part II,2020,7.2,72.0,71.0,275K
1482,Sonic the Hedgehog,2020,6.5,65.0,47.0,161K
1483,Birds of Prey,2020,6.1,61.0,60.0,266K
1484,Dolittle,2020,5.6,56.0,26.0,72K
1485,The Invisible Man,2020,7.1,71.0,72.0,257K
1486,The Call of the Wild,2020,6.7,67.0,48.0,57K
1487,Onward,2020,7.4,74.0,61.0,171K
1488,The Croods: A New Age,2020,6.9,69.0,56.0,53K
1489, Tenet,2020,7.3,73.0,69.0,596K
1490, Demon Slayer: Kimetsu no Yaiba - The Movie: Mugen Train,2020,8.2,82.0,72.0,74K
1491, Wonder Woman 1984,2020,5.4,54.0,60.0,293K
1492, Fantasy Island,2020,4.9,49.0,22.0,58K
1493, The New Mutants,2020,5.3,53.0,43.0,90K
1494, Unhinged,2020,6.0,60.0,40.0,77K
1495, Underwater,2020,5.9,59.0,48.0,98K
1496, Gretel & Hansel,2020,5.5,55.0,64.0,34K
1497, Monster Hunter,2020,5.2,52.0,47.0,68K
1498, Honest Thief,2020,6.0,60.0,46.0,58K
1499, The Way Back,2020,6.7,67.0,66.0,53K
1500, Bloodshot,2020,5.7,57.0,44.0,85K
1501, The Courier,2020,7.2,72.0,65.0,74K
1502, The Hunt,2020,6.6,66.0,50.0,130K
1503, The Rhythm Section,2020,5.4,54.0,45.0,20K
1504,Spider-Man: No Way Home,2021,8.2,82.0,71.0,885K
1505,Shang-Chi and the Legend of the Ten Rings,2021,7.4,74.0,71.0,438K
1506,Venom: Let There Be Carnage,2021,5.9,59.0,49.0,260K
1507,Black Widow,2021,6.7,67.0,68.0,428K
1508,F9: The Fast Saga,2021,5.2,52.0,58.0,163K
1509,Eternals,2021,6.3,63.0,52.0,388K
1510,Sing 2,2021,7.3,73.0,49.0,88K
1511,No Time to Die,2021,7.3,73.0,68.0,447K
1512,Ghostbusters: Afterlife,2021,7.0,70.0,45.0,221K
1513, Free Guy,2021,7.1,71.0,62.0,429K
1514, Jungle Cruise,2021,6.6,66.0,50.0,213K
1515, Dune,2021,8.0,80.0,74.0,872K
1516, Godzilla vs. Kong,2021,6.3,63.0,59.0,244K
1517, Encanto,2021,7.2,72.0,75.0,264K
1518, Halloween Kills,2021,5.5,55.0,42.0,99K
1519, The Black Phone,2021,6.9,69.0,65.0,198K
1520, Cruella,2021,7.3,73.0,59.0,267K
1521, Space Jam: A New Legacy,2021,4.5,45.0,36.0,81K
1522, The Conjuring: The Devil Made Me Do It,2021,6.3,63.0,53.0,140K
1523, Candyman,2021,5.9,59.0,72.0,76K
1524, The Boss Baby 2: Family Business,2021,5.9,59.0,39.0,23K
1525, The Addams Family 2,2021,5.4,54.0,37.0,16K
1526, The Suicide Squad,2021,7.2,72.0,72.0,412K
1527, Raya and the Last Dragon,2021,7.3,73.0,74.0,173K
1528, House of Gucci,2021,6.6,66.0,59.0,161K
1529,Top Gun: Maverick,2022,8.2,82.0,78.0,705K
1530,Avatar: The Way of Water,2022,7.5,75.0,67.0,498K
1531,Black Panther: Wakanda Forever,2022,6.7,67.0,67.0,308K
1532,Doctor Strange in the Multiverse of Madness,2022,6.9,69.0,60.0,482K
1533,Jurassic World Dominion,2022,5.6,56.0,38.0,207K
1534,Minions: The Rise of Gru,2022,6.5,65.0,56.0,87K
1535,The Batman,2022,7.8,78.0,72.0,793K
1536,Thor: Love and Thunder,2022,6.2,62.0,57.0,404K
1537,Sonic the Hedgehog 2,2022,6.5,65.0,47.0,88K
1538, Puss in Boots: The Last Wish,2022,7.8,78.0,73.0,178K
1539, Black Adam,2022,6.2,62.0,41.0,276K
1540, Elvis,2022,7.3,73.0,64.0,236K
1541, Uncharted,2022,6.3,63.0,45.0,262K
1542, Nope,2022,6.8,68.0,77.0,270K
1543, Lightyear,2022,6.1,61.0,60.0,124K
1544, The Lost City,2022,6.1,61.0,60.0,160K
1545, Bullet Train,2022,7.3,73.0,49.0,440K
1546, The Bad Guys,2022,6.8,68.0,64.0,60K
1547, Fantastic Beasts: The Secrets of Dumbledore,2022,6.2,62.0,47.0,172K
1548, M3GAN,2022,6.3,63.0,72.0,144K
1549, DC League of Super-Pets,2022,7.1,71.0,56.0,76K
1550, Where the Crawdads Sing,2022,7.2,72.0,43.0,127K
1551, Scream,2022,6.3,63.0,60.0,160K
1552, Morbius,2022,5.1,51.0,35.0,154K
1553, Everything Everywhere All at Once,2022,7.8,78.0,81.0,538K
